,Media Source,Date,Text,Compound,Positive,Neutral,Negative,Tweet Count
0,BBCNEWS,Sat Jul 14 17:16:59 +0000 2018,"RT @BBCWorld: Mon dieu! ü§¶‚Äç‚ôÄÔ∏è

#BastilleDay went off with a bang - for these police motorcyclists

https://t.co/jh88YrDQA4 #14juillet https:‚Ä¶",0.0,0.0,1.0,0.0,1
1,BBCNEWS,Sat Jul 14 17:06:23 +0000 2018,Autistic boy's mum praises 'lovely' school prom classmates https://t.co/KkrBN5beHd,0.5267,0.298,0.702,0.0,2
2,BBCNEWS,Sat Jul 14 16:48:37 +0000 2018,Is Russia the real winner of World Cup 2018? https://t.co/Gzn3gkKL1r,0.5859,0.297,0.703,0.0,3
3,BBCNEWS,Sat Jul 14 16:33:56 +0000 2018,Wimbledon 2018: Angeligue Kerber beats Serena Williams to win title https://t.co/AiqRmK0qjJ,0.5859,0.275,0.725,0.0,4
4,BBCNEWS,Sat Jul 14 16:22:54 +0000 2018,"RT @5liveSport: History for Angelique Kerber! üëè

The German beats Serena Williams 6-3, 6-3 to win her first ever #Wimbledon singles title!‚Ä¶",0.658,0.166,0.834,0.0,5
5,BBCNEWS,Sat Jul 14 16:22:11 +0000 2018,Reality Check: is London's murder rate still higher than New York's? https://t.co/EDqS4bkt1m,-0.6908,0.0,0.701,0.299,6
6,BBCNEWS,Sat Jul 14 16:17:28 +0000 2018,British teenager dies in Magaluf balcony fall https://t.co/YeZ1wD1jWr,0.0,0.0,1.0,0.0,7
7,BBCNEWS,Sat Jul 14 16:04:21 +0000 2018,Dog poo in Clevedon's Marine Lake causes ear infections https://t.co/UlMulVTx3y,0.0,0.0,1.0,0.0,8
8,BBCNEWS,Sat Jul 14 15:59:53 +0000 2018,World Cup 2018: England finish fourth after Belgium defeat https://t.co/cjulTH4qCh,-0.4588,0.0,0.75,0.25,9
9,BBCNEWS,Sat Jul 14 15:52:09 +0000 2018,"RT @BBCSport: FT Belgium 2-0 England

England leave Russia with their heads held high and their joint-best #worldcup finish since '66.

Bel‚Ä¶",-0.0516,0.0,0.946,0.054,10
10,BBCNEWS,Sat Jul 14 15:41:55 +0000 2018,"RT @BBCSport: GOAL

That might just settle it.

Eden Hazard races past Phil Jones and makes it Belgium 2-0 England

Live üëâ https://t.co/zMI‚Ä¶",0.0,0.0,1.0,0.0,11
11,BBCNEWS,Sat Jul 14 15:19:24 +0000 2018,"RT @bbctennis: A royal standing ovation.

But who will be crowned the queen of Wimbledon 2018?

#bbctennis #wimbledon https://t.co/Z5an2Giy‚Ä¶",0.0,0.0,1.0,0.0,12
12,BBCNEWS,Sat Jul 14 15:06:50 +0000 2018,"RT @5liveSport: Two changes for #ENG as we get back under way in Saint Petersburg 

Lingard üîÑ Rose

Rashford üîÑ  Sterling

They trail #BEL b‚Ä¶",0.0,0.0,1.0,0.0,13
13,BBCNEWS,Sat Jul 14 15:02:51 +0000 2018,100 Women: 'I was a World Cup honey shot' https://t.co/xPKeWpZkVp,0.0,0.0,1.0,0.0,14
14,BBCNEWS,Sat Jul 14 14:55:37 +0000 2018,"I subscribe, therefore I am? https://t.co/ydo4UoqmMi",0.0,0.0,1.0,0.0,15
15,BBCNEWS,Sat Jul 14 14:47:49 +0000 2018,"RT @BBCSport: HT Belgium 1-0 England

Roberto Martinez's #BEL lead through Thomas Meunier - and you have to say they deserve it.
üëâ https://‚Ä¶",0.0,0.0,1.0,0.0,16
16,BBCNEWS,Sat Jul 14 14:32:40 +0000 2018,"RT @5liveSport: It's all over!

After over 5hrs 16mins (and an overnight break) on court, Novak Djokovic will face Kevin Anderson in Sunday‚Ä¶",0.0,0.0,1.0,0.0,17
17,BBCNEWS,Sat Jul 14 14:30:49 +0000 2018,X Factor winner Louisa Johnson splits from Simon Cowell‚Äôs label https://t.co/T8GeHm0TSG,0.5859,0.297,0.703,0.0,18
18,BBCNEWS,Sat Jul 14 14:18:28 +0000 2018,Wimbledon 2018: Gordon Reid &amp; Alfie Hewett win wheelchair doubles title https://t.co/DAX3I3tXX4,0.5859,0.257,0.743,0.0,19
19,BBCNEWS,Sat Jul 14 14:16:34 +0000 2018,"An impressive delivery... thank goodness he didn't get dismissed
 üíçüèè https://t.co/RyX96Qm1ws",0.8316,0.524,0.476,0.0,20
20,BBCNEWS,Sat Jul 14 14:15:59 +0000 2018,World Cup Final blamed Sunday rail disruption https://t.co/AxH3MqsXNn,-0.6808,0.0,0.517,0.483,21
21,BBCNEWS,Sat Jul 14 14:05:17 +0000 2018,"RT @BBCSport: GOAL!

Three-and-a-half minutes on the clock.

Nacer Chadli crosses to Thomas Meunier, who makes no mistake.

Belgium 1-0 Eng‚Ä¶",-0.5983,0.0,0.795,0.205,22
22,BBCNEWS,Sat Jul 14 14:00:26 +0000 2018,"RT @BBCSport: Here we go!

A chance for England to take home the bronze medal and secure their best #worldcup finish since 1966.

Under way‚Ä¶",0.8999,0.375,0.625,0.0,23
23,BBCNEWS,Sat Jul 14 13:49:14 +0000 2018,Saudi Arabia woman 'arrested for hugging' singer Majid al-Mohandis https://t.co/UR1gaYgXRx,-0.0772,0.201,0.576,0.223,24
24,BBCNEWS,Sat Jul 14 13:46:51 +0000 2018,France restricts access to Mont Blanc amid safety fears https://t.co/nCHi4iIfOn,-0.3182,0.188,0.47,0.342,25
25,BBCNEWS,Sat Jul 14 13:16:03 +0000 2018,RT @Frankie_Mack: #BREAKING President Donald Trump waving a protestors who are calling him racist as he plays golf at #Turnberry @realDonal‚Ä¶,-0.4588,0.083,0.75,0.167,26
26,BBCNEWS,Sat Jul 14 13:12:45 +0000 2018,"Trump tees off at Turnberry as thousands protest

https://t.co/CY1qQ6OjVO #TrumpVisitUK https://t.co/cJdCUAUMkk",-0.25,0.0,0.833,0.167,27
27,BBCNEWS,Sat Jul 14 13:09:11 +0000 2018,"RT @Tara_Mckelvey: I‚Äôm traveling with Trump, and I saw only a few protestors in London. That night in Glasgow, a colleague showed me a stun‚Ä¶",0.0,0.0,1.0,0.0,28
28,BBCNEWS,Sat Jul 14 12:56:15 +0000 2018,RT @BBCSport: Britain's Gordon Reid and Alfie Hewett won a third successive #Wimbledon wheelchair doubles title by beating Germany's Joachi‚Ä¶,0.4215,0.234,0.645,0.121,29
29,BBCNEWS,Sat Jul 14 12:29:39 +0000 2018,RT @BBCRosAtkins: A close encounter. President Trump just passed me on the first hole here at Turnberry. https://t.co/UwAKYVsWa3,0.0,0.0,1.0,0.0,30
30,BBCNEWS,Sat Jul 14 11:56:54 +0000 2018,"RT @bbctennis: Meghan Markle has arrived!

The crowd shouted her name as she made her way to Centre Court. She waved üëã

üíªüì± https://t.co/Xg5‚Ä¶",0.5411,0.127,0.873,0.0,31
31,BBCNEWS,Sat Jul 14 11:56:32 +0000 2018,"RT @BBCSport: They've done it! üôå

Alfie Hewett and Gordon Reid have won the #Wimbledon wheelchair doubles title for the third time! üëè

LIVE‚Ä¶",0.6467,0.146,0.854,0.0,32
32,BBCNEWS,Sat Jul 14 11:56:23 +0000 2018,"RT @BBCScotlandNews: Liam Fox says that protesters against Donald Trump's visit to Britain were ""an embarrassment to themselves""  https://t‚Ä¶",-0.5859,0.0,0.78,0.22,33
33,BBCNEWS,Sat Jul 14 11:33:38 +0000 2018,"There she goes! üåäüö¢

The RRS Sir David Attenborough - the UK's polar ship known to some as Boaty McBoatface - is lau‚Ä¶ https://t.co/DMpp054UlM",0.0,0.0,1.0,0.0,34
34,BBCNEWS,Sat Jul 14 11:29:51 +0000 2018,Dozens hurt as Ryanair flight loses cabin pressure https://t.co/4nlRXAvWBq,-0.7845,0.0,0.432,0.568,35
35,BBCNEWS,Sat Jul 14 11:10:42 +0000 2018,Jorginho: Napoli midfielder joins Chelsea on five-year deal https://t.co/oxmrrOlbdT,0.0,0.0,1.0,0.0,36
36,BBCNEWS,Sat Jul 14 11:01:13 +0000 2018,Nazanin Zaghari-Ratcliffe: Boris Johnson exit 'a setback' https://t.co/bXNsHTd4Zc,0.0,0.0,1.0,0.0,37
37,BBCNEWS,Sat Jul 14 10:58:32 +0000 2018,In pictures: France marks Bastille Day with spectacular parade https://t.co/GMxgaRjNNS,0.0,0.0,1.0,0.0,38
38,BBCNEWS,Sat Jul 14 10:53:32 +0000 2018,Gerry Adams calls on home attackers to meet him https://t.co/UVzLBDhfQy,-0.5719,0.0,0.709,0.291,39
39,BBCNEWS,Sat Jul 14 10:12:22 +0000 2018,"Camberwell stabbing: Man, 21, charged with death of girl, 17 https://t.co/6NRuFimswB",-0.6908,0.0,0.612,0.388,40
40,BBCNEWS,Sat Jul 14 10:07:22 +0000 2018,Everyone makes same joke after longest Wimbledon semi-final https://t.co/6Zw4DySaP9,0.296,0.216,0.784,0.0,41
41,BBCNEWS,Sat Jul 14 09:31:23 +0000 2018,"RT @BBCWorld: Bonne #F√™teNationale!

France marks #BastilleDay with parades in Paris üá´üá∑ #14juillet https://t.co/teJKH5dXo8",0.0,0.0,1.0,0.0,42
42,BBCNEWS,Sat Jul 14 09:09:24 +0000 2018,Classic Aston Martin sells for record ¬£10m at auction https://t.co/IbiKJ07TEh,0.0,0.0,1.0,0.0,43
43,BBCNEWS,Sat Jul 14 09:06:52 +0000 2018,British Fencing: Crowdfunding appeal for Tokyo 2020 raises just ¬£170 in first month https://t.co/LQWbRLEn0O,0.0,0.0,1.0,0.0,44
44,BBCNEWS,Sat Jul 14 08:52:31 +0000 2018,Huge iceberg threatens Greenland village https://t.co/ikF4WvOMak,-0.0772,0.258,0.449,0.292,45
45,BBCNEWS,Sat Jul 14 08:38:08 +0000 2018,Toddler dies after van crash on parkland in Birmingham https://t.co/d1gXzwDQls,-0.4019,0.0,0.769,0.231,46
46,BBCNEWS,Sat Jul 14 08:30:55 +0000 2018,"RT @BBCScotlandNews: Donald Trump to play golf at Turnberry as protests against his visit to the UK continue
https://t.co/mecSpIthaM https:‚Ä¶",0.128,0.108,0.807,0.085,47
47,BBCNEWS,Sat Jul 14 08:17:32 +0000 2018,"RT @BBCSport: Former Napoli boss Maurizio Sarri has been appointed as Chelsea's new manager on a three-year contract.

üëâ https://t.co/qNZbg‚Ä¶",0.0,0.0,1.0,0.0,48
48,BBCNEWS,Sat Jul 14 08:11:36 +0000 2018,"Nancy Sinatra Senior, Frank's first wife, dies aged 101 https://t.co/zUjd1AA9CB",0.0,0.0,1.0,0.0,49
49,BBCNEWS,Sat Jul 14 07:54:39 +0000 2018,"RT @BBCWorld: Saved by their smell üëÉ

How #ThaiCaveRescue divers sniffed out the Wild Boars  

https://t.co/rYEl75IIIK https://t.co/9XTbT6t‚Ä¶",0.4215,0.149,0.851,0.0,50
50,BBCNEWS,Sat Jul 14 07:33:16 +0000 2018,"RT @BBCMOTD: Today, England chase their best #WorldCup finish since 1966 üè¥Û†ÅßÛ†Å¢Û†Å•Û†ÅÆÛ†ÅßÛ†Åø

#BELENG https://t.co/SjIYzfDTCt",0.6369,0.244,0.756,0.0,51
51,BBCNEWS,Sat Jul 14 07:11:23 +0000 2018,The eye doctor who could not see the stars https://t.co/5FSSse2hyO,0.0,0.0,1.0,0.0,52
52,BBCNEWS,Sat Jul 14 06:56:59 +0000 2018,Serena Williams: Wimbledon finalist at 36 and a mum - how has she done it? https://t.co/BDiQkO6nFC,0.0,0.0,1.0,0.0,53
53,BBCNEWS,Sat Jul 14 06:49:49 +0000 2018,Sir David Attenborough polar ship set for launch https://t.co/zvFNvJfZ4B,0.0,0.0,1.0,0.0,54
54,BBCNEWS,Sat Jul 14 06:45:06 +0000 2018,Eritrea's Isaias Afwerki in historic Ethiopia visit https://t.co/GLhBCNO7oW,0.0,0.0,1.0,0.0,55
55,BBCNEWS,Sat Jul 14 06:39:52 +0000 2018,US lawmaker caught speeding tells cop he often does so https://t.co/s4MM16SpMk,0.0,0.0,1.0,0.0,56
56,BBCNEWS,Sat Jul 14 06:37:29 +0000 2018,"Horse sense: Happiest equines love to snort, says study https://t.co/MItTJzSqeh",0.8555,0.512,0.488,0.0,57
57,BBCNEWS,Sat Jul 14 06:25:00 +0000 2018,Video games and mental health: 'Nobody's properly talking' https://t.co/p15DmyRk2y,0.0,0.0,1.0,0.0,58
58,BBCNEWS,Sat Jul 14 03:07:02 +0000 2018,Trump to play golf at Turnberry as protests continue https://t.co/SWHKeIaIlD,0.128,0.195,0.65,0.154,59
59,BBCNEWS,Sat Jul 14 02:33:01 +0000 2018,White House: Trump-Putin summit 'is on' after hacking indictment https://t.co/cTbUBxUvih,0.0,0.0,1.0,0.0,60
60,BBCNEWS,Sat Jul 14 01:27:46 +0000 2018,Wittenoom: Tourists urged to stay away from asbestos town https://t.co/94vDN6A1Ez,0.0,0.0,1.0,0.0,61
61,BBCNEWS,Sat Jul 14 01:20:30 +0000 2018,British POWs sank with the Lisbon Maru - should it be raised? https://t.co/Iwt2EZDL3a,0.0,0.0,1.0,0.0,62
62,BBCNEWS,Sat Jul 14 00:55:45 +0000 2018,The full story of Thailand‚Äôs extraordinary cave rescue https://t.co/AuBOdKBcmq,0.5106,0.292,0.708,0.0,63
63,BBCNEWS,Sat Jul 14 00:24:49 +0000 2018,'Explosive' thrown at Gerry Adams' house https://t.co/6udne6T9iP,0.0,0.0,1.0,0.0,64
64,BBCNEWS,Sat Jul 14 00:19:10 +0000 2018,Trump arrives in Scotland amid protests https://t.co/zgdfZFrrCI,-0.2263,0.0,0.759,0.241,65
65,BBCNEWS,Fri Jul 13 23:01:37 +0000 2018,Newspaper headlines: Trump's 'fake schmooze' over trade deal https://t.co/1fMHozh4ER,-0.4767,0.0,0.721,0.279,66
66,BBCNEWS,Fri Jul 13 21:48:19 +0000 2018,Scarlett Johansson quits trans role after LGBT backlash https://t.co/c5mYtHsEUa,0.0,0.0,1.0,0.0,67
67,BBCNEWS,Fri Jul 13 20:07:34 +0000 2018,Pakistan election: More than 100 die in bomb attacks on poll rallies https://t.co/uqurwHAuU5,-0.8824,0.0,0.493,0.507,68
68,BBCNEWS,Fri Jul 13 19:13:41 +0000 2018,Trump May meeting: The Wacky Races of press conferences https://t.co/huy3vkpiZU,0.0,0.0,1.0,0.0,69
69,BBCNEWS,Fri Jul 13 19:08:49 +0000 2018,Wimbledon 2018: Kevin Anderson beats John Isner in record-breaking semi-final https://t.co/g5YRslPVPd,0.0,0.0,1.0,0.0,70
70,BBCNEWS,Fri Jul 13 17:59:32 +0000 2018,RT @BBCJonSopel: Meet Dick Dastardly and Penelope Pitstop. My blog on another extraordinary day. #TrumpVisitUK  https://t.co/M80Ot4wbPA,-0.5106,0.0,0.82,0.18,71
71,BBCNEWS,Fri Jul 13 17:57:32 +0000 2018,"Grenfell Tower fire: Two jailed for ¬£125,000 relief fraud https://t.co/FNxyk74GnX",-0.743,0.168,0.324,0.508,72
72,BBCNEWS,Fri Jul 13 17:56:57 +0000 2018,"Jeremy Corbyn says it's not Trump's business who's the British PM, after the US president's endorsement of Boris Jo‚Ä¶ https://t.co/iqv0TQH6Ej",0.3182,0.108,0.892,0.0,73
73,BBCNEWS,Fri Jul 13 17:54:46 +0000 2018,John Surtees' 'very special' 1957 BMW sells for ¬£4m https://t.co/J5w7ShQKbE,0.4576,0.25,0.75,0.0,74
74,BBCNEWS,Fri Jul 13 17:32:43 +0000 2018,"RT @BBCLookNorth: There's a large rally against Donald Trump taking place in Sheffield. 

Read more: https://t.co/32ZcFAKT5d https://t.co/c‚Ä¶",0.0,0.0,1.0,0.0,75
75,BBCNEWS,Fri Jul 13 17:22:33 +0000 2018,"RT @BBCSport: All of England's 2018 #worldcup magic moments
https://t.co/69x5UKi0Oz  #bbcworldcupmoments",0.0,0.0,1.0,0.0,76
76,BBCNEWS,Fri Jul 13 17:16:56 +0000 2018,"RT @bbctennis: FIVE hours!

Isner &amp; Anderson are leaving it all out there on Centre Court.

üì∫ @BBCTwo 
üìª @5liveSport
üíªüì± https://t.co/ldFFv9‚Ä¶",0.0,0.0,1.0,0.0,77
77,BBCNEWS,Fri Jul 13 17:15:46 +0000 2018,ü¶Åü¶Åü¶Å https://t.co/uXbMUa477s,0.0,0.0,1.0,0.0,78
78,BBCNEWS,Fri Jul 13 17:15:17 +0000 2018,Russians indicted over US election hack https://t.co/bLMBcltdNE,0.0,0.0,1.0,0.0,79
79,BBCNEWS,Fri Jul 13 17:14:48 +0000 2018,"RT @bbctennis: Gordon Reid and Alfie Hewett are Wimbledon finalists once again!

The British pair have won their men's wheelchair semi-fina‚Ä¶",0.6114,0.166,0.834,0.0,80
80,BBCNEWS,Fri Jul 13 17:11:54 +0000 2018,US President Donald Trump flies away from Windsor Castle in Marine One after meeting the Queen. He's due to fly to‚Ä¶ https://t.co/6pKWSzhp51,0.0,0.0,1.0,0.0,81
81,BBCNEWS,Fri Jul 13 17:06:35 +0000 2018,US President Donald Trump and his wife Melania leave Windsor Castle after meeting the Queen‚Ä¶ https://t.co/OCP6ooK7yu,-0.0516,0.0,0.926,0.074,82
82,BBCNEWS,Fri Jul 13 16:55:40 +0000 2018,RT @BBCNewsGraphics: The Queen has seen plenty of world leaders come and go - Donald Trump is the 13th US President during her reign https:‚Ä¶,0.0,0.0,1.0,0.0,83
83,BBCNEWS,Fri Jul 13 16:51:27 +0000 2018,#PlaneBae: A cautionary tale about privacy when a story goes viral https://t.co/mYMdEYjf5J,0.0,0.0,1.0,0.0,84
84,BBCNEWS,Fri Jul 13 16:49:15 +0000 2018,Three Lions breaks chart record https://t.co/c0En0n4Wsw,0.0,0.0,1.0,0.0,85
85,BBCNEWS,Fri Jul 13 16:48:24 +0000 2018,RT @BBCBreaking: Former PM Nawaz Sharif arrested on return to Pakistan as elsewhere scores die in blasts targeting election rallies https:/‚Ä¶,-0.7906,0.0,0.731,0.269,86
86,BBCNEWS,Fri Jul 13 16:44:16 +0000 2018,"Thousands of anti-Trump protesters gather in Trafalgar Square, central London 

https://t.co/BlLsEwTJPE‚Ä¶ https://t.co/Bih9qr1huU",-0.2263,0.0,0.853,0.147,87
87,BBCNEWS,Fri Jul 13 16:34:50 +0000 2018,RT @BBCScotlandNews: Protestors gather ahead of Donald Trump's arrival in Scotland https://t.co/6kjEcnrTjE https://t.co/I5MCgrqZWJ,0.0,0.0,1.0,0.0,88
88,BBCNEWS,Fri Jul 13 16:31:54 +0000 2018,"RT @BBCSport: Gareth Southgate says he is happy with raised expectations after England's #WorldCup run, because ""belief"" has also increased‚Ä¶",0.5719,0.163,0.837,0.0,89
89,BBCNEWS,Fri Jul 13 16:29:31 +0000 2018,Papa John's logo to change after founder uses N-word https://t.co/DtIYkiUG9C,0.0,0.0,1.0,0.0,90
90,BBCNEWS,Fri Jul 13 16:13:10 +0000 2018,"RT @BBCBreaking: 12 Russian intelligence officers indicted for hacking Democrat emails during 2016 election, US authorities announce https:‚Ä¶",0.4767,0.154,0.846,0.0,91
91,BBCNEWS,Fri Jul 13 16:07:23 +0000 2018,'Dump Trump': Views from the London marches https://t.co/3I4db1rBxm,-0.3818,0.0,0.729,0.271,92
92,BBCNEWS,Fri Jul 13 16:06:59 +0000 2018,"RT @BBCBreaking: Queen Elizabeth II meets US President Donald Trump at Windsor Castle 

https://t.co/3Q606Y04yc #TrumpVisitUK https://t.co/‚Ä¶",0.0,0.0,1.0,0.0,93
93,BBCNEWS,Fri Jul 13 15:37:23 +0000 2018,Turnberry braced for Trump arrival https://t.co/MmZR5ErfLO,0.0,0.0,1.0,0.0,94
94,BBCNEWS,Fri Jul 13 15:31:06 +0000 2018,Heatwave threatens to cause shortage of peas https://t.co/lGdl4oS2D4,-0.5574,0.0,0.566,0.434,95
95,BBCNEWS,Fri Jul 13 15:24:20 +0000 2018,"Leeds school uses spoons to help prevent forced marriage

https://t.co/UKQdtjEVtm https://t.co/5l6HYCkirz",-0.0516,0.257,0.541,0.203,96
96,BBCNEWS,Fri Jul 13 15:13:35 +0000 2018,"Isner loves a marathon match üéæ

#wimbledon coverage continues on @BBCOne https://t.co/YhpZHZqAq3",0.5719,0.27,0.73,0.0,97
97,BBCNEWS,Fri Jul 13 15:02:09 +0000 2018,"Donald Trump: US-UK relationship is 'highest level of special'

https://t.co/F78B9tSdKS #TrumpVisitUK https://t.co/D13RfEJoOj",0.4019,0.197,0.803,0.0,98
98,BBCNEWS,Fri Jul 13 14:51:49 +0000 2018,"‚ö°Ô∏è ‚Äú""The highest level of special"" relationship‚Äù

https://t.co/X6eHunLySI",0.4019,0.278,0.722,0.0,99
99,BBCNEWS,Fri Jul 13 14:48:48 +0000 2018,"RT @bbcweather: With the weather hotting up this weekend, Sunday could see the hottest Men's Final in over 20 years at #Wimbledon #TheChamp‚Ä¶",0.0,0.0,1.0,0.0,100
100,CBSnews,Sat Jul 14 18:00:27 +0000 2018,"The ""Trump Baby"" balloon was transported overnight from London to Edinburgh, Scotland, where thousands are protesti‚Ä¶ https://t.co/S7CCcyDCuw",0.0,0.0,1.0,0.0,1
101,CBSnews,Sat Jul 14 17:40:01 +0000 2018,"From Eisenhower to Trump, take a look at Queen Elizabeth's most memorable moments with U.S. presidents‚Ä¶ https://t.co/3HKo2UexrS",0.0,0.0,1.0,0.0,2
102,CBSnews,Sat Jul 14 17:19:54 +0000 2018,Trump and Putin are expected to talk about the nuclear arms race between their nations during their summit in Helsi‚Ä¶ https://t.co/FTREeBvZ4a,0.0,0.0,1.0,0.0,3
103,CBSnews,Sat Jul 14 17:00:01 +0000 2018,DOUBLE DUCHESS: Meghan Markle and Kate Middleton watched the Serena Williams-Angelique Kerber Wimbledon match‚Ä¶ https://t.co/WZmMs6GNaq,0.0,0.0,1.0,0.0,4
104,CBSnews,Sat Jul 14 16:40:17 +0000 2018,WATCH: A paragliding protester breached a no-fly zone to send a message over President Trump's Scotland golf course‚Ä¶ https://t.co/mwYYfApx6m,0.0,0.0,1.0,0.0,5
105,CBSnews,Sat Jul 14 16:22:06 +0000 2018,"RT @CBSSunday: SUNDAY FUNDAY 

@JimAxelrod meets with the @MenInBlazers ‚Äì soccer aficionados Michael Davies &amp; Roger Bennett ‚Äì who talk abou‚Ä¶",0.0,0.0,1.0,0.0,6
106,CBSnews,Sat Jul 14 16:20:24 +0000 2018,The boys rescued from a Thai cave have recorded a series of video messages from their hospital beds. Here‚Äôs what th‚Ä¶ https://t.co/cK8wRim3wU,0.4215,0.128,0.872,0.0,7
107,CBSnews,Sat Jul 14 15:59:49 +0000 2018,Got $750 for a night in a tent? Welcome to luxurious world of glamping https://t.co/NDudAWvU7L https://t.co/iIziqDlJHj,0.4588,0.188,0.812,0.0,8
108,CBSnews,Sat Jul 14 15:39:38 +0000 2018,President Trump responds to Russian hacking indictment by blaming Obama administration https://t.co/rop8K6VSx4 https://t.co/7jn7vMcEM3,-0.4939,0.0,0.789,0.211,9
109,CBSnews,Sat Jul 14 15:00:46 +0000 2018,"Roger Stone says he's ""probably"" the unnamed person in Russian hacking indictment https://t.co/S0vFbA4MfB https://t.co/c9EupDVQxo",0.0,0.0,1.0,0.0,10
110,CBSnews,Sat Jul 14 14:40:06 +0000 2018,"""It was shocking"": Black teen speaks out after woman, dubbed ""Pool Patrol Paula,"" is charged with attacking him at‚Ä¶ https://t.co/GPPUuA8oNZ",-0.5859,0.0,0.789,0.211,11
111,CBSnews,Sat Jul 14 14:19:49 +0000 2018,The top state election officials from throughout the U.S. are gathering this weekend in Philadelphia amid fresh rev‚Ä¶ https://t.co/xHKzS949ZO,0.4767,0.194,0.806,0.0,12
112,CBSnews,Sat Jul 14 14:00:03 +0000 2018,Police are searching for a paraglider who flew over the resort where President Trump is staying in Scotland‚Ä¶ https://t.co/SAEMGuGdvY,0.0,0.0,1.0,0.0,13
113,CBSnews,Sat Jul 14 13:45:39 +0000 2018,"10,000 people march through capital of Scotland to protest President Trump: https://t.co/JTdNIsCvnZ https://t.co/FrEt4WmIvR",-0.25,0.0,0.857,0.143,14
114,CBSnews,Sat Jul 14 13:39:55 +0000 2018,"Nancy Sinatra Sr., the childhood sweetheart of Frank Sinatra who became the first of his four wives and the mother‚Ä¶ https://t.co/4IJS91GYZr",0.6486,0.177,0.823,0.0,15
115,CBSnews,Sat Jul 14 13:20:12 +0000 2018,President Trump is in Scotland ahead of his high-stakes summit with Russian President Putin: https://t.co/jG6MxtyKWu https://t.co/myzzkjhraG,0.0,0.0,1.0,0.0,16
116,CBSnews,Sat Jul 14 13:03:04 +0000 2018,"""The world has really changed"" when it comes to online dating https://t.co/3EW2UXkRIg https://t.co/Jv3hPLmhiY",0.0,0.0,1.0,0.0,17
117,CBSnews,Sat Jul 14 12:48:03 +0000 2018,"LeSean McCoy's ex-girlfriend suspected NFL star was involved in her attack, 911 call reveals https://t.co/UQLr7vVrt9 https://t.co/uf4ZYJZuhb",-0.6124,0.0,0.737,0.263,18
118,CBSnews,Sat Jul 14 12:33:04 +0000 2018,Ticks that carry Lyme disease are spreading fast https://t.co/mrgq8ZuAEJ https://t.co/1I4YBUCgiM,0.0,0.0,1.0,0.0,19
119,CBSnews,Sat Jul 14 12:30:15 +0000 2018,Police search for paraglider who flew over resort where Trump is staying https://t.co/sHlJQ0UM3R https://t.co/V61Jyunjze,0.0,0.0,1.0,0.0,20
120,CBSnews,Sat Jul 14 12:18:05 +0000 2018,"Remember the woman with frozen lashes that went viral? She's in the same spot, suffering heat and mosquitoes‚Ä¶ https://t.co/IgbtCslNvZ",-0.4767,0.0,0.853,0.147,21
121,CBSnews,Sat Jul 14 12:15:10 +0000 2018,Black teen speaks out after woman is charged with attacking him at pool https://t.co/MQ3voduZzB https://t.co/XJWwlKgSiu,-0.5859,0.0,0.73,0.27,22
122,CBSnews,Sat Jul 14 12:03:04 +0000 2018,"Why so many families are renting, not buying, homes https://t.co/PsITuv2J1R https://t.co/qe6AbMtFaf",0.0,0.0,1.0,0.0,23
123,CBSnews,Sat Jul 14 11:48:04 +0000 2018,"Woman charged with attempted murder in beating of man, 92, with brick https://t.co/kXpkd9jRji https://t.co/a98gcqX85I",-0.8591,0.0,0.537,0.463,24
124,CBSnews,Sat Jul 14 11:46:05 +0000 2018,Trump in Scotland ahead of high-stakes summit with Putin https://t.co/QuZHt2m5x9 https://t.co/E0FIYQhdr9,0.0,0.0,1.0,0.0,25
125,CBSnews,Sat Jul 14 11:33:04 +0000 2018,"Woman harassed over Puerto Rican flag shirt says officer ""blatantly ignored"" her pleas for help‚Ä¶ https://t.co/6RJydwNnHx",-0.7003,0.0,0.707,0.293,26
126,CBSnews,Sat Jul 14 11:18:03 +0000 2018,Inside the global race to develop hypersonic weapons https://t.co/cQuOCgJSW8 https://t.co/QYD06QVIpr,-0.4404,0.0,0.756,0.244,27
127,CBSnews,Sat Jul 14 11:03:04 +0000 2018,Locals residents and state officials battle over access to public California beach https://t.co/9kpJYpwSza https://t.co/jmPRGs6AAw,-0.3818,0.0,0.833,0.167,28
128,CBSnews,Sat Jul 14 10:54:00 +0000 2018,"RT @CBSThisMorning: Don‚Äôt miss the debut of our new @CBSThisMorning Saturday team! 

@CBSMMiller and @DanaJacobson join @AnthonyMasonCBS th‚Ä¶",0.2244,0.124,0.796,0.08,29
129,CBSnews,Sat Jul 14 10:48:03 +0000 2018,Giant hogweed sends Virginia teen to hospital burn unit https://t.co/7nAIoLGcbd https://t.co/R4SwpkC0S8,0.0,0.0,1.0,0.0,30
130,CBSnews,Sat Jul 14 10:33:04 +0000 2018,Former students surprise music teacher who changed their lives https://t.co/rGt2sH4z1L https://t.co/zp919ZfwGi,0.2732,0.174,0.826,0.0,31
131,CBSnews,Sat Jul 14 10:18:03 +0000 2018,"CDC warning on Kellogg's Honey Smacks: ""Do not eat this cereal"" https://t.co/ij8z0pVote https://t.co/igXuxQeUMc",-0.34,0.0,0.833,0.167,32
132,CBSnews,Sat Jul 14 10:03:04 +0000 2018,Why Russians indicted for hacking may never see the inside of a U.S. courtroom https://t.co/NWXanmdHDP https://t.co/SMye4tayMe,0.0,0.0,1.0,0.0,33
133,CBSnews,Sat Jul 14 09:48:03 +0000 2018,"Papa John's dumped by sports teams, schools over Schnatter comments https://t.co/4NHuPc0f5U https://t.co/Lgx08d3642",-0.4019,0.0,0.803,0.197,34
134,CBSnews,Sat Jul 14 09:33:03 +0000 2018,British police confirm source of Novichok poisoning https://t.co/cb4T5UhfLo https://t.co/A7HiejWmEh,-0.5859,0.0,0.678,0.322,35
135,CBSnews,Sat Jul 14 09:18:04 +0000 2018,President Trump and Queen Elizabeth actually have a few things in common https://t.co/UC0MaFC6yH https://t.co/y4YLrK8xLV,0.0,0.0,1.0,0.0,36
136,CBSnews,Sat Jul 14 09:03:03 +0000 2018,"Russians relied on bitcoin to finance election hacking, prosecutors say https://t.co/A8ok3FK0vV https://t.co/O7ND6SbeNS",0.0,0.0,1.0,0.0,37
137,CBSnews,Sat Jul 14 08:48:04 +0000 2018,Jennifer Garner opens up about tabloid scrutiny of marriage and separation https://t.co/QZ0nWmqQmY https://t.co/4DtlgXsOnP,0.0,0.0,1.0,0.0,38
138,CBSnews,Sat Jul 14 08:33:04 +0000 2018,"LeSean McCoy's ex-girlfriend suspected NFL star was involved in her attack, 911 call reveals https://t.co/93YCSlj3cq https://t.co/uEiCC9y11m",-0.6124,0.0,0.737,0.263,39
139,CBSnews,Sat Jul 14 08:18:04 +0000 2018,"Father of youngest Thai cave survivor describes how boys became trapped, coach's response https://t.co/T5QxguAFj6 https://t.co/HceLENkAs0",-0.2263,0.132,0.688,0.18,40
140,CBSnews,Sat Jul 14 08:03:03 +0000 2018,"Intel chief Dan Coats says of cyberattacks, ""We are at a critical point"" https://t.co/R9xDh1e4wl https://t.co/5MbxkwThKS",-0.3182,0.0,0.85,0.15,41
141,CBSnews,Sat Jul 14 07:48:02 +0000 2018,Report: Video shows daytime shooting of reputed mob associate's son https://t.co/CB0O00Crbe https://t.co/9VkLBeHqSq,0.0,0.0,1.0,0.0,42
142,CBSnews,Sat Jul 14 07:33:03 +0000 2018,Man seen on video berating woman over Puerto Rico shirt charged with felony hate crimes https://t.co/TVga5QZgRO https://t.co/5Qe1iJSKwY,-0.8402,0.0,0.609,0.391,43
143,CBSnews,Sat Jul 14 07:18:04 +0000 2018,"Woman harassed over Puerto Rican flag shirt says officer ""blatantly ignored"" her pleas for help‚Ä¶ https://t.co/6HRezju9Ta",-0.7003,0.0,0.707,0.293,44
144,CBSnews,Sat Jul 14 07:03:04 +0000 2018,Ticks that carry Lyme disease are spreading fast https://t.co/Z62SoxL2mL https://t.co/0qO26DM8kr,0.0,0.0,1.0,0.0,45
145,CBSnews,Sat Jul 14 06:48:03 +0000 2018,"Scarlett Johansson drops out of ""Rub &amp; Tug"" amid backlash https://t.co/iLUh6BC38h https://t.co/Zgz0YzxJuO",0.0,0.0,1.0,0.0,46
146,CBSnews,Sat Jul 14 06:33:04 +0000 2018,"""Whistleblower"": Former employees take on pediatric dental chain when they suspect the company of wrongdoing‚Ä¶ https://t.co/iZ3fuFHytZ",-0.296,0.0,0.872,0.128,47
147,CBSnews,Sat Jul 14 06:18:04 +0000 2018,5 takeaways from FBI agent Peter Strzok's explosive congressional hearing https://t.co/gs5Stwc7Tq https://t.co/piwtcCMPT3,0.0,0.0,1.0,0.0,48
148,CBSnews,Sat Jul 14 06:03:03 +0000 2018,Inside the global race to develop hypersonic weapons https://t.co/ycKdcM8KMI https://t.co/D92mBpetyS,-0.4404,0.0,0.756,0.244,49
149,CBSnews,Sat Jul 14 05:48:03 +0000 2018,Giant hogweed sends Virginia teen to hospital burn unit https://t.co/gCLk0rXsUM https://t.co/BBEOfJn1a3,0.0,0.0,1.0,0.0,50
150,CBSnews,Sat Jul 14 05:33:03 +0000 2018,"CDC warning on Kellogg's Honey Smacks: ""Do not eat this cereal"" https://t.co/h4GydIgyfY https://t.co/fStlMCffRb",-0.34,0.0,0.833,0.167,51
151,CBSnews,Sat Jul 14 05:18:03 +0000 2018,"Papa John's dumped by sports teams, schools over Schnatter comments https://t.co/MQMecwMs5k https://t.co/QOVC26H9EZ",-0.4019,0.0,0.803,0.197,52
152,CBSnews,Sat Jul 14 05:03:04 +0000 2018,Former students surprise music teacher who changed their lives https://t.co/BLsPXhr3wC https://t.co/2i3tyHxdmz,0.2732,0.174,0.826,0.0,53
153,CBSnews,Sat Jul 14 04:48:03 +0000 2018,British police confirm source of Novichok poisoning https://t.co/TPOWswAKBv https://t.co/pM9z6fZpwk,-0.5859,0.0,0.678,0.322,54
154,CBSnews,Sat Jul 14 04:33:03 +0000 2018,President Trump and Queen Elizabeth actually have a few things in common https://t.co/460kCwZUqn https://t.co/KUb0XKOVmJ,0.0,0.0,1.0,0.0,55
155,CBSnews,Sat Jul 14 04:18:04 +0000 2018,Jennifer Garner opens up about tabloid scrutiny of marriage and separation https://t.co/TAq7mOgCan https://t.co/uxFdAboTQu,0.0,0.0,1.0,0.0,56
156,CBSnews,Sat Jul 14 04:03:04 +0000 2018,"LeSean McCoy's ex-girlfriend suspected NFL star was involved in her attack, 911 call reveals https://t.co/vYGJPWjMVw https://t.co/CM69yl22HQ",-0.6124,0.0,0.737,0.263,57
157,CBSnews,Sat Jul 14 03:48:03 +0000 2018,"Father of youngest Thai cave survivor describes how boys became trapped, coach's response https://t.co/ecwCMS2vqC https://t.co/T8AJXIIgEb",-0.2263,0.132,0.688,0.18,58
158,CBSnews,Sat Jul 14 03:40:07 +0000 2018,"Baby dead after being left in hot car in south Florida, police say https://t.co/BTIJxMpZHm https://t.co/KNqq5L6YcK",-0.6486,0.0,0.765,0.235,59
159,CBSnews,Sat Jul 14 03:33:02 +0000 2018,Report: Video shows daytime shooting of reputed mob associate's son https://t.co/GGV3A82RhN https://t.co/jaRSGoxG4U,0.0,0.0,1.0,0.0,60
160,CBSnews,Sat Jul 14 03:18:04 +0000 2018,Man seen on video berating woman over Puerto Rico shirt charged with felony hate crimes https://t.co/agC8pl7nhj https://t.co/IWKRwDVSfu,-0.8402,0.0,0.609,0.391,61
161,CBSnews,Sat Jul 14 03:16:04 +0000 2018,"Trump administration lays out plan to reunite 2,500 immigrant children with their families https://t.co/cOHIoNxhYc https://t.co/Dg9p1RvPHs",0.0,0.0,1.0,0.0,62
162,CBSnews,Sat Jul 14 03:03:05 +0000 2018,"Woman harassed over Puerto Rican flag shirt says officer ""blatantly ignored"" her pleas for help‚Ä¶ https://t.co/YTPQPwjril",-0.7003,0.0,0.707,0.293,63
163,CBSnews,Sat Jul 14 02:39:54 +0000 2018,A dozen Russians indicted on Friday for conspiracy to interfere in the 2016 presidential election financed their op‚Ä¶ https://t.co/jIQ6mfa5x1,-0.5267,0.0,0.833,0.167,64
164,CBSnews,Sat Jul 14 02:19:35 +0000 2018,Russia's Foreign Ministry is denouncing the U.S. indictment of 12 alleged military intelligence agents accused of h‚Ä¶ https://t.co/rgx3QX3hkc,0.2263,0.146,0.751,0.103,65
165,CBSnews,Sat Jul 14 01:59:34 +0000 2018,Ticks capable of transmitting Lyme disease and other tick-borne illnesses are being found in dozens of new places a‚Ä¶ https://t.co/51FPFyX0u9,-0.1531,0.109,0.756,0.134,66
166,CBSnews,Sat Jul 14 01:39:51 +0000 2018,"Beto O‚ÄôRourke raises $10.4 million in 3 months, beating Ted Cruz https://t.co/9nKEZI7lkR https://t.co/au8KzWIsDl",-0.4588,0.0,0.786,0.214,67
167,CBSnews,Sat Jul 14 01:20:20 +0000 2018,"Air Force One's current design was part of JFK's attempt to present the presidency as a ""glamorous office""‚Äî will Pr‚Ä¶ https://t.co/LNeFddTWMY",0.5106,0.148,0.852,0.0,68
168,CBSnews,Sat Jul 14 00:59:46 +0000 2018,The summit between President Trump and Russian President Vladimir Putin in Helsinki will be held at a Finnish presi‚Ä¶ https://t.co/wvFK6CLhSe,0.0,0.0,1.0,0.0,69
169,CBSnews,Sat Jul 14 00:39:54 +0000 2018,Maryland officials say the FBI told them this week that the state's voter registration platform was purchased by a‚Ä¶ https://t.co/V22B0RsrEf,0.0,0.0,1.0,0.0,70
170,CBSnews,Sat Jul 14 00:24:34 +0000 2018,"""The warning lights are blinking red"": National intelligence director says U.S. is on the verge of a devastating cy‚Ä¶ https://t.co/rlTV4aNgBn",-0.5574,0.12,0.62,0.26,71
171,CBSnews,Sat Jul 14 00:10:36 +0000 2018,WATCH: Konza the giraffe calf was born at the Topeka Zoo on Wednesday https://t.co/aYIcGo5zvO https://t.co/T6iYoDZlYB,0.0,0.0,1.0,0.0,72
172,CBSnews,Fri Jul 13 23:55:01 +0000 2018,Where's the beef? WeWork will stop expensing any meals that include meat https://t.co/YOcvde5gv7 https://t.co/25wqoZyH9m,-0.296,0.0,0.855,0.145,73
173,CBSnews,Fri Jul 13 23:36:59 +0000 2018,RT @CBSEveningNews: President Donald Trump's flare for breaking convention was nowhere in sight as Queen Elizabeth II welcomed him and the‚Ä¶,0.34,0.107,0.893,0.0,74
174,CBSnews,Fri Jul 13 23:24:15 +0000 2018,"RT @CBSEveningNews: Hours before new Russia indictments were announced Friday, President Trump called the special counsel investigation int‚Ä¶",0.4019,0.137,0.863,0.0,75
175,CBSnews,Fri Jul 13 23:21:29 +0000 2018,"RT @CBSEveningNews: A former music teacher, who led one of the country‚Äôs greatest choir groups, gets a big surprise that will make your hea‚Ä¶",0.743,0.24,0.76,0.0,76
176,CBSnews,Fri Jul 13 23:16:56 +0000 2018,RT @CBSEveningNews: Johnson &amp; Johnson was ordered by a jury Thursday to pay $4.69 billion to a group of women who claimed that they develop‚Ä¶,-0.1027,0.0,0.94,0.06,77
177,CBSnews,Fri Jul 13 23:12:26 +0000 2018,"RT @CBSEveningNews: There‚Äôs a secret arms race taking place.

Earlier this year, Russian President Putin showed off what he said was a hype‚Ä¶",0.0,0.0,1.0,0.0,78
178,CBSnews,Fri Jul 13 23:02:01 +0000 2018,RT @CBSEveningNews: Pressure is mounting ahead of Pres. Trump‚Äôs meeting with Russian Pres. Putin in Helsinki Monday. Following new Russia i‚Ä¶,-0.296,0.0,0.901,0.099,79
179,CBSnews,Fri Jul 13 22:57:38 +0000 2018,"RT @CBSEveningNews: Hordes of demonstrators converged in central London on Friday, as President Trump met with Prime Minister Theresa May a‚Ä¶",0.0,0.0,1.0,0.0,80
180,CBSnews,Fri Jul 13 22:52:57 +0000 2018,RT @CBSEveningNews: TONIGHT: Retired music teacher Robert Moore spent 30 years directing one of the greatest high school choral groups in t‚Ä¶,0.6369,0.167,0.833,0.0,81
181,CBSnews,Fri Jul 13 22:41:04 +0000 2018,"RT @CBSEveningNews: Twelve Russian intelligence officers, indicted by the DOJ on Friday, allegedly ""spearphished individuals affiliated wit‚Ä¶",0.4767,0.162,0.838,0.0,82
182,CBSnews,Fri Jul 13 22:29:03 +0000 2018,"RT @CBSEveningNews: This New York firefighter was the first fire chief to enter one of the twin towers on 9/11. This week, Joe Pfeifer beco‚Ä¶",-0.34,0.0,0.909,0.091,83
183,CBSnews,Fri Jul 13 22:14:31 +0000 2018,The U.S. is on track to top Russia as the world's biggest oil producer https://t.co/H3k7AK3oFB https://t.co/7PxjpezaKy,0.2023,0.107,0.893,0.0,84
184,CBSnews,Fri Jul 13 21:59:48 +0000 2018,Failed gas stations run by Vice President Pence's family burned up $20 million in taxpayer dollars‚Ä¶ https://t.co/ftwXTplskq,-0.5106,0.0,0.829,0.171,85
185,CBSnews,Fri Jul 13 21:39:41 +0000 2018,Walmart has patented audio surveillance technology that can record conversations from customers and employees‚Ä¶ https://t.co/mPbY0jSHpP,0.0,0.0,1.0,0.0,86
186,CBSnews,Fri Jul 13 21:20:11 +0000 2018,A child who may be American but was still separated from his mom near the Mexican border has been in federal custod‚Ä¶ https://t.co/3XN6qN3uLZ,0.0,0.0,1.0,0.0,87
187,CBSnews,Fri Jul 13 21:19:36 +0000 2018,Russia isn't too happy about the U.S. indicting 12 of its military officers for the Democratic National Committee h‚Ä¶ https://t.co/W9CRJP9TAI,-0.4585,0.0,0.864,0.136,88
188,CBSnews,Fri Jul 13 21:05:20 +0000 2018,WATCH: This Arizona lawmaker candidly tells a sheriff's deputy all about his lead foot https://t.co/7scbL3Mfdx https://t.co/Jq12VQqToe,0.0,0.0,1.0,0.0,89
189,CBSnews,Fri Jul 13 20:55:01 +0000 2018,Lady Gaga apparently is looking to add makeup mogul to her resume with her own line of cosmetics‚Ä¶ https://t.co/AkyTB33bwc,0.0,0.0,1.0,0.0,90
190,CBSnews,Fri Jul 13 20:39:52 +0000 2018,Research suggests American consumers' concerns about U.S. trade disputes are growing https://t.co/aGL54wroJT https://t.co/fuJfWERRKj,-0.1027,0.115,0.743,0.142,91
191,CBSnews,Fri Jul 13 20:24:31 +0000 2018,An iceberg four miles wide has broken off from a glacier in eastern Greenland and scientists have captured the dram‚Ä¶ https://t.co/wmNzfPYn3w,-0.4767,0.0,0.86,0.14,92
192,CBSnews,Fri Jul 13 20:09:42 +0000 2018,"In Pakistan, a suicide bomber killed at least 70 people at a political rally on Friday‚Äî including a candidate‚Ä¶ https://t.co/S00p8c4cLZ",-0.875,0.0,0.625,0.375,93
193,CBSnews,Fri Jul 13 19:53:33 +0000 2018,RT @CBSThisMorning: Just announced: @DanaJacobson and @CBSMMiller will be joining @AnthonyMasonCBS as co-hosts of @CBSThisMorning Saturday.‚Ä¶,0.0,0.0,1.0,0.0,94
194,CBSnews,Fri Jul 13 19:39:36 +0000 2018,"Scarlett Johansson has dropped out of ""Rub &amp; Tug"" amid backlash for her casting as a transgender man‚Ä¶ https://t.co/3LoKbNNj8r",0.0,0.0,1.0,0.0,95
195,CBSnews,Fri Jul 13 19:20:23 +0000 2018,WATCH: A police officer gets choked up as he prays with a 9-year-old boy who is about to go in for brain surgery‚Ä¶ https://t.co/IfaBvBY6mT,-0.1779,0.094,0.784,0.122,96
196,CBSnews,Fri Jul 13 19:04:45 +0000 2018,McDonald's salads may have led to a parasite outbreak that has sickened nearly 100 people https://t.co/IQ7CsrOrfH https://t.co/N49EaVt0VC,-0.5423,0.0,0.811,0.189,97
197,CBSnews,Fri Jul 13 18:49:53 +0000 2018,Johnson &amp; Johnson shares have dipped after a jury awarded $4.7 billion to women who blamed the company's talcum pow‚Ä¶ https://t.co/GjJSDYMaFE,0.2023,0.196,0.68,0.124,98
198,CBSnews,Fri Jul 13 18:34:39 +0000 2018,WATCH: Video shows the son of a reputed mob associate getting shot in broad daylight https://t.co/3nYAZuLKkY https://t.co/GtZs6RGSdG,0.0,0.0,1.0,0.0,99
199,CBSnews,Fri Jul 13 18:19:47 +0000 2018,The author of the Emmett Till book that led to investigators re-examining the case gave his interview recordings to‚Ä¶ https://t.co/xfvgSCe5i3,0.0,0.0,1.0,0.0,100
200,CNN,Sat Jul 14 18:03:36 +0000 2018,Israelis and Palestinians exchange fire along Gaza border https://t.co/YFUZAkkv5i https://t.co/dAFsl7lqaU,-0.34,0.0,0.789,0.211,1
201,CNN,Sat Jul 14 18:00:04 +0000 2018,Is it dark? And are you wearing sunglasses? You‚Äôre ready for the return of the CNN series #History of Comedy. Hear‚Ä¶ https://t.co/spOWGQNvT1,0.6553,0.211,0.789,0.0,2
202,CNN,Sat Jul 14 17:45:00 +0000 2018,"The Thai boys rescued from a cave after nearly three weeks are ""sitting up in their beds"" and ""sending thank-you me‚Ä¶ https://t.co/m00GEVO4Nr",0.4215,0.123,0.877,0.0,3
203,CNN,Sat Jul 14 17:38:39 +0000 2018,Serena Williams' fairytale return from maternity leave fell one match short as she lost to Angelique Kerber in the‚Ä¶ https://t.co/5max8jzFCc,-0.3612,0.0,0.837,0.163,4
204,CNN,Sat Jul 14 17:28:24 +0000 2018,Secretary of State Mike Pompeo says President Trump should proceed with his summit with Russian President Vladimir‚Ä¶ https://t.co/szEb8ClWru,0.0,0.0,1.0,0.0,5
205,CNN,Sat Jul 14 17:11:35 +0000 2018,"In Scotland, @PhilBlackCNN reports ""thousands of people"" have been rallying and protesting against Trump. One prote‚Ä¶ https://t.co/3Z1l8nN5we",-0.4215,0.0,0.851,0.149,6
206,CNN,Sat Jul 14 16:53:47 +0000 2018,"Germany's Angelique Kerber beats American Serena Williams 6-3, 6-3 to win her first Wimbledon championship‚Ä¶ https://t.co/qvmrNpeovo",0.5859,0.202,0.798,0.0,7
207,CNN,Sat Jul 14 16:35:05 +0000 2018,"Germany's Angelique Kerber beats American Serena Williams 6-2, 6-3 to win her first Wimbledon championship‚Ä¶ https://t.co/tJUTOpoTjR",0.5859,0.202,0.798,0.0,8
208,CNN,Sat Jul 14 16:30:50 +0000 2018,"""What happened to when we were united against a common enemy?"" CNN's @smerconish slams partisan reactions to the ""t‚Ä¶ https://t.co/IQMCH75fBd",0.4215,0.135,0.865,0.0,9
209,CNN,Sat Jul 14 16:15:00 +0000 2018,"""Probably the best course of action is to cancel this meeting."" Democratic Rep. Mike Quigley says President Trump s‚Ä¶ https://t.co/8UVkrBidZj",0.4939,0.174,0.744,0.083,10
210,CNN,Sat Jul 14 16:03:49 +0000 2018,"Belgium beats England 2-0, finishing third place in the World Cup https://t.co/CgOfxgNZCd https://t.co/Rag2LuM3bW",0.0,0.0,1.0,0.0,11
211,CNN,Sat Jul 14 15:45:09 +0000 2018,Novak Djokovic outlasts Rafael Nadal in Wimbledon semifinal to reach his first grand slam final in two years‚Ä¶ https://t.co/6lUvpufaOc,0.128,0.181,0.705,0.115,12
212,CNN,Sat Jul 14 15:30:06 +0000 2018,Why Emmett Till's case matters to American history and our future https://t.co/dp49PtgYwG (via @CNNOpinion) https://t.co/4V6VYmNyfj,0.0258,0.073,0.927,0.0,13
213,CNN,Sat Jul 14 15:15:10 +0000 2018,A paragliding protester hovered within surprising proximity of Trump on Friday as the President admired the view fr‚Ä¶ https://t.co/UB9Dgswldg,0.6597,0.252,0.748,0.0,14
214,CNN,Sat Jul 14 15:01:05 +0000 2018,"Director of National Intelligence Dan Coats raises the alarm on growing cyberattack threats against the US, saying‚Ä¶ https://t.co/sLfH84NISw",-0.1027,0.2,0.583,0.217,15
215,CNN,Sat Jul 14 14:52:07 +0000 2018,How Finland has survived in Russia's dark shadow https://t.co/uaqYYKM8PB https://t.co/vCromYSYn4,0.5106,0.268,0.732,0.0,16
216,CNN,Sat Jul 14 14:01:48 +0000 2018,This 12-year-old who is battling a rare bone cancer had her wish granted when she got to see the ocean and learn to‚Ä¶ https://t.co/OqpMmp7aoA,-0.4215,0.156,0.629,0.215,17
217,CNN,Sat Jul 14 13:46:05 +0000 2018,Newly-discovered fossils suggest giant dinosaurs evolved millions of years earlier than scientists thought https://t.co/1qJw5J5dhi,0.0,0.0,1.0,0.0,18
218,CNN,Sat Jul 14 13:31:00 +0000 2018,"Meet Care-E, the automated airport assistant that scans a boarding pass, carries luggage and guides passengers to t‚Ä¶ https://t.co/c12TfEbuCS",0.0,0.0,1.0,0.0,19
219,CNN,Sat Jul 14 13:01:03 +0000 2018,"Scientists have discovered the world's oldest color. It's bright pink -- the color of bubble gum, flamingos and cot‚Ä¶ https://t.co/pXGHjWw5yb",0.4404,0.132,0.868,0.0,20
220,CNN,Sat Jul 14 12:46:07 +0000 2018,"From the biggest street art party in Hong Kong to a community art tour, here are six Instagrammable ways to enjoy H‚Ä¶ https://t.co/1MJl9Bgfc1",0.7096,0.228,0.772,0.0,21
221,CNN,Sat Jul 14 12:31:02 +0000 2018,"Stitch Fix is tapping into the children's apparel market, launching subscription boxes with sizes 2T to 14. Founder‚Ä¶ https://t.co/VE939a8HoA",0.0,0.0,1.0,0.0,22
222,CNN,Sat Jul 14 12:01:05 +0000 2018,"Archaeologists unearth a mysterious sarcophagus in Egypt 
https://t.co/Z5XE26NQuK https://t.co/QbVllJbH6F",0.0,0.0,1.0,0.0,23
223,CNN,Sat Jul 14 11:31:00 +0000 2018,It's not always easy going green. Starbucks and Nestl√© customers embraced the brands' moves to environmentally-frie‚Ä¶ https://t.co/zVa4gcuLL8,-0.3412,0.0,0.869,0.131,24
224,CNN,Sat Jul 14 11:01:04 +0000 2018,5-year-old Garrett Matthias prepared his own obituary before he died from a rare form of pediatric cancer. In words‚Ä¶ https://t.co/kvDtKV3C0J,-0.7964,0.073,0.618,0.309,25
225,CNN,Sat Jul 14 10:31:00 +0000 2018,Starbucks is going strawless. The coffee company announced Monday that it will phase out plastic straws from all of‚Ä¶ https://t.co/4nPdL5wkfC,0.0,0.0,1.0,0.0,26
226,CNN,Sat Jul 14 10:16:11 +0000 2018,Scientists at the Teopanzolco archeological site discovered an ancient temple this week that was exposed by the dev‚Ä¶ https://t.co/NI106NMNKQ,-0.0772,0.0,0.933,0.067,27
227,CNN,Sat Jul 14 10:02:10 +0000 2018,A French bulldog named Darcy was given an oxygen mask on a JetBlue flight after showing signs of distress. Darcy's‚Ä¶ https://t.co/BfzWbTXPzn,-0.5267,0.0,0.841,0.159,28
228,CNN,Sat Jul 14 09:46:04 +0000 2018,"In an experiment, Australian scientists have successfully wiped out more than 80% of disease-carrying mosquitoes in‚Ä¶ https://t.co/SKnF8K2Fiw",0.4939,0.167,0.833,0.0,29
229,CNN,Sat Jul 14 09:31:00 +0000 2018,A rescue organization in the Turks and Caicos Islands finds good homes for stray potcake puppies -- and allows tour‚Ä¶ https://t.co/iNMmocN8kl,0.7351,0.256,0.744,0.0,30
230,CNN,Sat Jul 14 09:01:03 +0000 2018,"The US Navy has expanded its hair rules for female sailors, now permitting braids, ponytails and lock hairstyles‚Ä¶ https://t.co/dOUdRk9UTb",0.0,0.0,1.0,0.0,31
231,CNN,Sat Jul 14 08:31:00 +0000 2018,There is now only one Blockbuster store left in the United States https://t.co/eVtGl36DfQ https://t.co/mSVPk9Ctj8,0.7717,0.358,0.642,0.0,32
232,CNN,Sat Jul 14 08:01:07 +0000 2018,Shark bites Instagram model posing in the Bahamas https://t.co/w8PWXHQQA9 https://t.co/PDEQl5ItJK,0.0,0.0,1.0,0.0,33
233,CNN,Sat Jul 14 07:31:00 +0000 2018,"Build-A-Bear was forced to turn customers away after an onslaught of people came to take advantage of its ""pay your‚Ä¶ https://t.co/mQstVtHGrj",-0.34,0.082,0.738,0.18,34
234,CNN,Sat Jul 14 07:01:41 +0000 2018,"Hawaii just became the first state in the US to ban the sale of sunscreens that can harm coral reefs. Banana Boat,‚Ä¶ https://t.co/3gDJp7a6Pr",-0.7964,0.0,0.747,0.253,35
235,CNN,Sat Jul 14 06:31:00 +0000 2018,The first underwater museum in the United States has opened off the coast of northwest Florida‚Ä¶ https://t.co/U10bURPlJy,0.4215,0.149,0.851,0.0,36
236,CNN,Sat Jul 14 06:01:04 +0000 2018,"A flight from Hong Kong to the Chinese mainland suddenly lost air pressure and dropped nearly 20,000 feet because t‚Ä¶ https://t.co/PwqdFH1baL",-0.5423,0.0,0.8,0.2,37
237,CNN,Sat Jul 14 05:46:07 +0000 2018,The world's largest water slide will be demolished after a boy died on the ride in 2016 https://t.co/qy7pPAIIpj https://t.co/5B2eS3BeUG,-0.5574,0.0,0.825,0.175,38
238,CNN,Sat Jul 14 05:31:00 +0000 2018,"A particle called a neutrino was detected on Earth, found by sensors deep in the Antarctic ice, and traced to its s‚Ä¶ https://t.co/2hYUZxCN18",0.0,0.0,1.0,0.0,39
239,CNN,Sat Jul 14 05:16:04 +0000 2018,Donald Trump says he's more popular than Abraham Lincoln. That's a hard claim to back up. https://t.co/OuPCv74UuU https://t.co/8Vq521unnS,0.4005,0.159,0.77,0.072,40
240,CNN,Sat Jul 14 05:05:03 +0000 2018,"Nancy Sinatra, the first wife of singer Frank Sinatra, died Friday at the age of 101, her daughter said https://t.co/Vrg3IJD89f",-0.5574,0.0,0.841,0.159,41
241,CNN,Sat Jul 14 05:01:07 +0000 2018,A Florida man had a heart attack while laying sod in his front yard to avoid getting a fine from his homeowner's as‚Ä¶ https://t.co/kR8NfiUSis,-0.5423,0.072,0.717,0.211,42
242,CNN,Sat Jul 14 04:46:08 +0000 2018,A jury has awarded $4.62 billion to 22 women who sued pharmaceutical giant Johnson &amp; Johnson alleging their ovarian‚Ä¶ https://t.co/rQDYbNWZTD,0.4019,0.13,0.87,0.0,43
243,CNN,Sat Jul 14 04:31:00 +0000 2018,These giant avocados are growing in Australia. Some have been known to weigh up to four pounds and are about five t‚Ä¶ https://t.co/cgXFVEx1o5,0.1779,0.072,0.928,0.0,44
244,CNN,Sat Jul 14 04:16:05 +0000 2018,President Trump and Katy Perry are among the Twitter users hit hardest by the follower purge https://t.co/4V3kmwmrhL https://t.co/Uak1BlooYe,0.0,0.0,1.0,0.0,45
245,CNN,Sat Jul 14 04:01:08 +0000 2018,"A rare flood of desert rain has transformed a lake in Australia from an arid, salty basin to a spectacular, watery‚Ä¶ https://t.co/HCBw2jd5h8",0.0,0.0,1.0,0.0,46
246,CNN,Sat Jul 14 03:44:09 +0000 2018,"Is there such a thing as going too far for a laugh? #HistoryOfComedy is back, and pushing boundaries further than e‚Ä¶ https://t.co/TFgGf1hYqY",0.5574,0.159,0.841,0.0,47
247,CNN,Sat Jul 14 03:37:14 +0000 2018,"Meet Care-E, the automated airport assistant that scans a boarding pass, carries luggage and guides passengers to t‚Ä¶ https://t.co/dYT6NIBJ4p",0.0,0.0,1.0,0.0,48
248,CNN,Sat Jul 14 03:31:04 +0000 2018,"Tomatoes and strawberries were disappearing for weeks from hanging baskets outside this family's house, but a secur‚Ä¶ https://t.co/uqaam0yNAA",0.0,0.0,1.0,0.0,49
249,CNN,Sat Jul 14 03:27:58 +0000 2018,"Stitch Fix is tapping into the children's apparel market, launching subscription boxes with sizes 2T to 14. Founder‚Ä¶ https://t.co/ZrRGUduQ40",0.0,0.0,1.0,0.0,50
250,CNN,Sat Jul 14 03:16:03 +0000 2018,Mysterious burns on teen's face caused by brush with toxic plant https://t.co/oHEvX9UAW9 https://t.co/bU0ztER1VM,0.0,0.0,1.0,0.0,51
251,CNN,Sat Jul 14 03:14:15 +0000 2018,"RT @AC360: Hi, I'm @AndersonCooper. I am really excited about our new show on Facebook Watch called Full Circle, a program created for you,‚Ä¶",0.5709,0.19,0.81,0.0,52
252,CNN,Sat Jul 14 03:01:03 +0000 2018,Roger Stone appears to be the unnamed individual in a new Russia probe indictment made public Friday who is describ‚Ä¶ https://t.co/zeashgdqOn,0.0,0.0,1.0,0.0,53
253,CNN,Sat Jul 14 02:51:02 +0000 2018,The woman who was harassed by a man for wearing a Puerto Rico flag shirt wants the officer who ignored her pleas fo‚Ä¶ https://t.co/JuErNNdBTT,-0.7003,0.0,0.775,0.225,54
254,CNN,Sat Jul 14 02:31:56 +0000 2018,"RT @AC360: Anderson Cooper: The ""witch hunt,"" as the President called it, has now yielded 191 charges against 32 individuals and 3 companie‚Ä¶",-0.5574,0.0,0.813,0.187,55
255,CNN,Sat Jul 14 02:28:19 +0000 2018,How will Trump deal with Putin in Helsinki? | By Michael Bociurkiw via @CNNOpinion https://t.co/8TvNaMjvxP https://t.co/5P7J59HZtl,0.0,0.0,1.0,0.0,56
256,CNN,Sat Jul 14 02:27:07 +0000 2018,6 takeaways from the indictment of Russians for DNC hacking https://t.co/YjtwLqHn5F https://t.co/nAryrG6hCZ,0.0,0.0,1.0,0.0,57
257,CNN,Sat Jul 14 02:24:13 +0000 2018,Apple is helping bring education to girls in Brazil https://t.co/iFGmNlvCNu https://t.co/yNYKe0uvdN,0.296,0.18,0.82,0.0,58
258,CNN,Sat Jul 14 02:16:03 +0000 2018,"Despite Russia election bombshell, the Trump-Putin show will go on | Analysis by CNN's @StCollinson‚Ä¶ https://t.co/z05mQ9M8DT",0.0,0.0,1.0,0.0,59
259,CNN,Sat Jul 14 02:15:12 +0000 2018,"A Chinese spy ship is currently spying on a major US-led military exercise off the coast of Hawaii, the same exerci‚Ä¶ https://t.co/TqPlHPG1b6",0.0,0.0,1.0,0.0,60
260,CNN,Sat Jul 14 02:07:48 +0000 2018,At least 128 people have died in a suicide attack in Pakistan that targeted the convoy of a political candidate in‚Ä¶ https://t.co/n2w7kqnweP,-0.9042,0.0,0.603,0.397,61
261,CNN,Sat Jul 14 02:06:03 +0000 2018,Former Pakistani Prime Minister Nawaz Sharif and his daughter have been arrested and are being held in Islamabad af‚Ä¶ https://t.co/w980YBz06B,-0.4767,0.0,0.86,0.14,62
262,CNN,Sat Jul 14 02:01:04 +0000 2018,"The FDA for the first time has approved a drug to treat smallpox.

The disease was eradicated in the 1980s, but the‚Ä¶ https://t.co/80tEjE75Yi",0.4118,0.158,0.842,0.0,63
263,CNN,Sat Jul 14 01:51:06 +0000 2018,The death of a 16-year-old who was pinned and suffocated in his own minivan has prompted Cincinnati officials to im‚Ä¶ https://t.co/l0xG9BFXxP,-0.5994,0.0,0.83,0.17,64
264,CNN,Sat Jul 14 01:41:08 +0000 2018,The indictment of 12 Russians has stunning implications | By Harry Litman via @CNNOpinion https://t.co/6lbXQQ2RW5 https://t.co/ufwplUdzj8,0.3818,0.157,0.843,0.0,65
265,CNN,Sat Jul 14 01:36:05 +0000 2018,"RT @CuomoPrimeTime: .@ChrisCuomo: ""You can't read this indictment... and not face the reality that the United States was hacked, by Russia,‚Ä¶",0.0258,0.114,0.776,0.11,66
266,CNN,Sat Jul 14 01:31:07 +0000 2018,The US Food and Drug Administration is advising people to avoid eating fresh crab meat from Venezuela because of po‚Ä¶ https://t.co/3PEVpUFyFO,0.0258,0.098,0.809,0.094,67
267,CNN,Sat Jul 14 01:21:04 +0000 2018,Scarlett Johansson has opted to withdraw from a film in which she was set to play a transgender man after her casti‚Ä¶ https://t.co/yd5SVHkmck,0.34,0.107,0.893,0.0,68
268,CNN,Sat Jul 14 01:12:02 +0000 2018,"RT @AC360: .@JeffreyToobin: ""Today is actually a significant moment in American history. We've only had 45 presidents... now we know one of‚Ä¶",0.2023,0.083,0.917,0.0,69
269,CNN,Sat Jul 14 01:10:08 +0000 2018,"Seven in 10 registered voters say they're extremely or very interested in the November elections, a record high in‚Ä¶ https://t.co/2bpEVzpV1e",0.5034,0.153,0.847,0.0,70
270,CNN,Sat Jul 14 01:01:03 +0000 2018,Republicans praise ex-FBI lawyer Lisa Page's testimony one day after the heated Peter Strzok hearing‚Ä¶ https://t.co/9CWHzrApH9,0.5574,0.194,0.806,0.0,71
271,CNN,Sat Jul 14 01:00:20 +0000 2018,"RT @OutFrontCNN: ""It's as if your neighbor came over, robbed your house, burned it down, and then next day you go have a meal with him at t‚Ä¶",0.0,0.0,1.0,0.0,72
272,CNN,Sat Jul 14 01:00:10 +0000 2018,"RT @AC360: Journalist @carlbernstein on Russian indictments: ""This was an act of war by the Russians. An act of cyber warfare to undermine‚Ä¶",-0.7269,0.0,0.775,0.225,73
273,CNN,Sat Jul 14 00:54:14 +0000 2018,Former CIA Director Michael Hayden said he anticipates many more indictments -- including those of Americans -- to‚Ä¶ https://t.co/eO4QMTijWa,0.0,0.0,1.0,0.0,74
274,CNN,Sat Jul 14 00:43:39 +0000 2018,RT @AC360: Former Hillary Clinton campaign manager @RobbyMook on the indictment of 12 Russians for the DNC hacking: ‚ÄúIt‚Äôs disturbing that t‚Ä¶,-0.5106,0.0,0.864,0.136,75
275,CNN,Sat Jul 14 00:43:14 +0000 2018,"RT @OutFrontCNN: ""I find the release of this indictment today as very selective, and I think it's somewhat inappropriate considering that t‚Ä¶",0.0,0.0,1.0,0.0,76
276,CNN,Sat Jul 14 00:39:14 +0000 2018,Tens of thousands of protesters gathered in London to protest President Donald Trump's visit. Here's a look at the‚Ä¶ https://t.co/OSPQapCEvh,-0.4404,0.0,0.813,0.187,77
277,CNN,Sat Jul 14 00:32:18 +0000 2018,A 6-year-old girl whose tearful pleas to immigration officers were heard across the country in an audio recording h‚Ä¶ https://t.co/hk9AE3rhLf,0.0,0.0,1.0,0.0,78
278,CNN,Sat Jul 14 00:21:06 +0000 2018,"In case a shark ever attacks, here are some tips to keep you from becoming a snack https://t.co/oIDBTidb3i via‚Ä¶ https://t.co/99huW4X7vx",-0.4404,0.0,0.854,0.146,79
279,CNN,Sat Jul 14 00:10:06 +0000 2018,"More than 2,500 children could need to be reunited with their parents in the next two weeks after officials separat‚Ä¶ https://t.co/QlRys106lo",0.0,0.0,1.0,0.0,80
280,CNN,Sat Jul 14 00:01:07 +0000 2018,The FDA joins 22 countries' recall of a common heart drug https://t.co/iGgF80fcqM https://t.co/ClFztyulfn,0.0,0.0,1.0,0.0,81
281,CNN,Fri Jul 13 23:51:39 +0000 2018,"This video store in Bend, Oregon, will be the last remaining Blockbuster in the United States‚Ä¶ https://t.co/JgGL330QBM",0.7717,0.309,0.691,0.0,82
282,CNN,Fri Jul 13 23:43:40 +0000 2018,It's not always easy to go green. Starbucks and Nestl√© customers embraced the brands' moves to environmentally-frie‚Ä¶ https://t.co/zBjm5S5tSp,-0.3412,0.0,0.876,0.124,83
283,CNN,Fri Jul 13 23:41:10 +0000 2018,The FDA has announced its approval of the first drug to treat smallpox https://t.co/0GdIkDApqe https://t.co/fXSs1FtDX7,0.7003,0.309,0.691,0.0,84
284,CNN,Fri Jul 13 23:31:09 +0000 2018,How do you rebrand Papa John's when the problem is Papa John? https://t.co/NShv8HsGrK https://t.co/6uTR0rbHJW,-0.4019,0.0,0.828,0.172,85
285,CNN,Fri Jul 13 23:31:00 +0000 2018,"‚ÄúWhatever you do is OK with me,‚Äù President Trump said in a joint news conference with British Prime Minister Theres‚Ä¶ https://t.co/xIfVwmwvo5",0.4466,0.134,0.866,0.0,86
286,CNN,Fri Jul 13 23:21:03 +0000 2018,The world's largest water slide will be demolished after a boy died on the ride in 2016 https://t.co/39LiOgOFqu https://t.co/MGFaFzcjLz,-0.5574,0.0,0.825,0.175,87
287,CNN,Fri Jul 13 23:11:58 +0000 2018,"Hawaii just became the first state in the US to ban the sale of sunscreens that can harm coral reefs. Banana Boat,‚Ä¶ https://t.co/DpR3IJ32Ef",-0.7964,0.0,0.747,0.253,88
288,CNN,Fri Jul 13 23:01:03 +0000 2018,Trump asked Russians to get Clinton emails. They immediately started trying. | Analysis by CNN's Z. Byron Wolf https://t.co/JZx6oBlFJG,0.0,0.0,1.0,0.0,89
289,CNN,Fri Jul 13 22:58:01 +0000 2018,"RT @CNNMoney: ‚ÄúWhatever you do is OK with me,‚Äù President Trump said in a joint news conference with British Prime Minister Theresa May, aft‚Ä¶",0.4466,0.118,0.882,0.0,90
290,CNN,Fri Jul 13 22:51:06 +0000 2018,Democratic Rep. Steve Cohen says he regrets his remark that embattled FBI agent Peter Strzok deserves a Purple Hear‚Ä¶ https://t.co/dzMh6pdXM3,-0.3612,0.0,0.878,0.122,91
291,CNN,Fri Jul 13 22:41:04 +0000 2018,WeWork is going meat-free. Staffers were told that the company will no longer serve meat at employee events or reim‚Ä¶ https://t.co/JkGZHGiIv7,-0.296,0.0,0.901,0.099,92
292,CNN,Fri Jul 13 22:31:05 +0000 2018,Eight endangered black rhinos die in Kenya national park just weeks after the animals were moved‚Ä¶ https://t.co/yw5IoX7vNF,-0.5994,0.0,0.804,0.196,93
293,CNN,Fri Jul 13 22:23:55 +0000 2018,"RT @CNNSitRoom: ""It's time for the President of the United States to stand up for America,"" Rep. Garamendi says after 12 Russian intelligen‚Ä¶",0.4215,0.113,0.887,0.0,94
294,CNN,Fri Jul 13 22:21:08 +0000 2018,"A Chinese spy ship is currently spying on a major US-led military exercise off the coast of Hawaii, the same exerci‚Ä¶ https://t.co/pwsRFS0nkS",0.0,0.0,1.0,0.0,95
295,CNN,Fri Jul 13 22:11:05 +0000 2018,"The Fed is ready to keep raising rates, but faces a list of uncertainties https://t.co/5fHWdVMAyf https://t.co/xn8m41XTxl",-0.3291,0.098,0.728,0.174,96
296,CNN,Fri Jul 13 22:02:12 +0000 2018,"RT @CNNSitRoom: Senator Lankford says President Trump shouldn't cancel the summit with Putin, adding, ‚ÄúI would certainly hope the President‚Ä¶",0.7219,0.293,0.707,0.0,97
297,CNN,Fri Jul 13 22:01:00 +0000 2018,"For the first time, scientists have been able to trace the origins of a ghostly subatomic particle that traveled 3.‚Ä¶ https://t.co/M3S0FZgLxQ",0.0,0.0,1.0,0.0,98
298,CNN,Fri Jul 13 21:51:00 +0000 2018,These giant avocados are growing in Australia. Some have been known to weigh up to four pounds and are about five t‚Ä¶ https://t.co/272OM56akG,0.1779,0.072,0.928,0.0,99
299,CNN,Fri Jul 13 21:41:39 +0000 2018,"""The American President has taken his gaslighter-in-chief world tour to Europe and is giving British Prime Minister‚Ä¶ https://t.co/6LKXg37a4K",0.34,0.124,0.876,0.0,100
300,Foxnews,Sat Jul 14 18:05:39 +0000 2018,".@kevincorke: ""A bit of breaking news - Fox News can confirm that @POTUS and President Vladimir Putin will conduct‚Ä¶ https://t.co/bElJ5ZYF8Y",0.0,0.0,1.0,0.0,1
301,Foxnews,Sat Jul 14 18:00:00 +0000 2018,TONIGHT: Don‚Äôt miss ‚ÄúFox Report with Jon Scott‚Äù at 7p ET on Fox News Channel! @JonScottFNC https://t.co/cv5d2FWMxo,-0.2244,0.0,0.894,0.106,2
302,Foxnews,Sat Jul 14 17:59:50 +0000 2018,Minnesota authorities investigating after teen fatally shot by deputies https://t.co/X3ti1h2Igh,-0.6369,0.0,0.682,0.318,3
303,Foxnews,Sat Jul 14 17:55:00 +0000 2018,".@RepAndyBiggsAZ: ""Here's a guy with literally hundreds - maybe thousands - of text messages showing bias, and he's‚Ä¶ https://t.co/FOAFhPkPIP",-0.1027,0.0,0.915,0.085,4
304,Foxnews,Sat Jul 14 17:48:00 +0000 2018,"Ed Rollins on Trump/Putin summit: ""This is going to be a test of wills."" https://t.co/1yypK7TIPS",0.0,0.0,1.0,0.0,5
305,Foxnews,Sat Jul 14 17:36:00 +0000 2018,".@HeatherZuma: ""@POTUS's tax cuts are really fueling this economy."" https://t.co/Xh2Tn9TslR",-0.296,0.0,0.804,0.196,6
306,Foxnews,Sat Jul 14 17:30:00 +0000 2018,"In an interview on @foxandfriends, Democratic Congressman @RepTimRyan discussed his economic philosophy.‚Ä¶ https://t.co/ThHI2JQ2uO",0.0,0.0,1.0,0.0,7
307,Foxnews,Sat Jul 14 17:27:55 +0000 2018,'Super Judgmental': @RepTimRyan Reacts to @NancyPelosi's Remark That He Is 'Inconsequential' https://t.co/OGOZgSryKu,0.5994,0.262,0.738,0.0,8
308,Foxnews,Sat Jul 14 17:23:00 +0000 2018,".@RepDanKildee: ""Obviously, in retrospect, we all wish that there would've been much firmer and more bold action ag‚Ä¶ https://t.co/JuLJHChChh",0.6801,0.248,0.752,0.0,9
309,Foxnews,Sat Jul 14 17:18:00 +0000 2018,".@gen_jackkeane: ""The NATO summit [was] largely successful."" https://t.co/EzYv3tZGUO",0.0,0.0,1.0,0.0,10
310,Foxnews,Sat Jul 14 17:16:09 +0000 2018,"Woman admits to killing her father after finding his child pornography collection, including photos of herself https://t.co/1gXPSkV1WM",-0.4939,0.102,0.694,0.204,11
311,Foxnews,Sat Jul 14 17:08:03 +0000 2018,"'A Step in the Right Direction': @GiannoCaldwell Praises Trump DOJ After 1955 Emmett Till Case Reopened
https://t.co/LPzMLzaemb",0.5267,0.175,0.825,0.0,12
312,Foxnews,Sat Jul 14 17:00:00 +0000 2018,"On ""Cavuto Live,"" @SenMikeLee slammed @HillaryClinton for her comments about Justice Brett Kavanaugh.‚Ä¶ https://t.co/xOIYX4MvDy",0.5267,0.207,0.793,0.0,13
313,Foxnews,Sat Jul 14 16:49:00 +0000 2018,".@AlanDersh: ""There's no need for a special counsel to do the kind of investigation that led to this indictment.""‚Ä¶ https://t.co/eXoogAkQj3",0.128,0.123,0.776,0.1,14
314,Foxnews,Sat Jul 14 16:47:55 +0000 2018,Chris Wallace Announces Exclusive Interview With Vladimir Putin Monday After Trump Summit https://t.co/X4a3okDE8C,0.128,0.111,0.889,0.0,15
315,Foxnews,Sat Jul 14 16:45:03 +0000 2018,"President @realDonaldTrump waves to protesters while playing golf at Turnberry golf club, in Scotland. A dozen demo‚Ä¶ https://t.co/Q6ZyxoAApR",-0.0258,0.096,0.802,0.102,16
316,Foxnews,Sat Jul 14 16:36:15 +0000 2018,"A newborn giraffe born at wildlife conservation center The Wilds in Cumberland, Ohio, was caught on camera attempti‚Ä¶ https://t.co/Kc6xlMJJb1",0.0,0.0,1.0,0.0,17
317,Foxnews,Sat Jul 14 16:31:28 +0000 2018,"JUST IN: Serena Williams loses in straight sets to Angelique Kerber in Wimbledon final, just 10 months after giving‚Ä¶ https://t.co/f1mmnd8uOq",-0.1027,0.086,0.811,0.104,18
318,Foxnews,Sat Jul 14 16:30:54 +0000 2018,.@RepDeSantis Blasts Strzok After House Hearing: 'Why Is He Still Getting a Paycheck?' https://t.co/6DCqTk5WIH https://t.co/cGIRNG7fUY,0.0,0.0,1.0,0.0,19
319,Foxnews,Sat Jul 14 16:29:00 +0000 2018,"In a speech yesterday, @HillaryClinton called the Supreme Court nomination of Brett Kavanaugh an obvious attempt to‚Ä¶ https://t.co/UZIWX70jab",0.5574,0.184,0.816,0.0,20
320,Foxnews,Sat Jul 14 16:22:40 +0000 2018,Fox News Poll: @POTUS on Russia. https://t.co/GaVfBoFoPR,0.0,0.0,1.0,0.0,21
321,Foxnews,Sat Jul 14 16:19:02 +0000 2018,"Billy Bush's wife, Sydney Davis, files for divorce after nearly 20 years of marriage: report https://t.co/QM3fisBQAk",0.0,0.0,1.0,0.0,22
322,Foxnews,Sat Jul 14 16:16:00 +0000 2018,Fox News Poll: Would you vote to confirm Supreme Court nominee Brett Kavanaugh? https://t.co/L4A8HTQMsL,0.5574,0.217,0.783,0.0,23
323,Foxnews,Sat Jul 14 16:09:08 +0000 2018,WATCH: Protesters Yell 'Shame' at Ivanka Trump as She Attends Roundtable in NY https://t.co/RLPws7eJ9q,-0.2263,0.0,0.872,0.128,24
324,Foxnews,Sat Jul 14 16:01:00 +0000 2018,"Ahead of the Trump-Putin summit, don‚Äôt miss a powerful @FoxNewsSunday from Helsinki! Check your local listings and‚Ä¶ https://t.co/FCkpl3Dau3",0.3595,0.157,0.762,0.081,25
325,Foxnews,Sat Jul 14 15:45:00 +0000 2018,"On an all-new 'OBJECTified,' @KrisJenner sits down with @harveylevintmz to discuss her journey ‚Äì and the events tha‚Ä¶ https://t.co/29Cbi5M5s5",0.0,0.0,1.0,0.0,26
326,Foxnews,Sat Jul 14 15:43:34 +0000 2018,"Ken Starr: ""Brett Kavanaugh is truly an outstanding candidate who deserves confirmation overwhelmingly."" #Cavuto https://t.co/4QeSGxehkj",0.7845,0.347,0.653,0.0,27
327,Foxnews,Sat Jul 14 15:38:11 +0000 2018,"'Organized Cruelty‚Äô: @HillaryClinton Blasts Trump Administration for 'Trying to Rip the Heart Out of America'
https://t.co/18eXz2MkhV",0.0,0.0,1.0,0.0,28
328,Foxnews,Sat Jul 14 15:25:15 +0000 2018,"""I... predict we'll end up with every Republican supporting Judge Kavanaugh's confirmation. I also think we'll end‚Ä¶ https://t.co/H3LWzYMPcj",0.4404,0.153,0.847,0.0,29
329,Foxnews,Sat Jul 14 15:20:23 +0000 2018,"French Alphajets of the Patrouille de France fly over the Champs Elysees avenue, with the Arc de Triomphe in backgr‚Ä¶ https://t.co/aS3GYNzDhI",0.4215,0.123,0.877,0.0,30
330,Foxnews,Sat Jul 14 15:15:19 +0000 2018,"Former Assistant Sec. of State Robert Charles: ""This president's been in office 570 days and it's a little bit odd‚Ä¶ https://t.co/lHmCXzuvP5",0.0,0.0,1.0,0.0,31
331,Foxnews,Sat Jul 14 15:09:18 +0000 2018,"Georgia cops use coin flip to decide whether to arrest woman, video shows https://t.co/6UBiMTcDno",-0.34,0.0,0.844,0.156,32
332,Foxnews,Sat Jul 14 14:59:00 +0000 2018,".@SenMikeLee: ""This judge is going to be confirmed and he's going to be Justice Kavanaugh within a matter of months‚Ä¶ https://t.co/7GECjzWhGM",0.5423,0.2,0.8,0.0,33
333,Foxnews,Sat Jul 14 14:52:41 +0000 2018,".@SenMikeLee: ""Of course I was honored to be considered"" for SCOTUS. #Cavuto https://t.co/nYULvrgJI8",0.5859,0.257,0.743,0.0,34
334,Foxnews,Sat Jul 14 14:45:41 +0000 2018,".@SenMikeLee on @HillaryClinton running for president: ""I welcome that. Look, she was a disastrous candidate for th‚Ä¶ https://t.co/Afdu7qg5SS",-0.2263,0.137,0.685,0.178,35
335,Foxnews,Sat Jul 14 14:45:00 +0000 2018,"Fmr. Attorney General Michael Mukasey: ""If the point is to rain on @POTUS's parade and Mr. Putin's parade, that may‚Ä¶ https://t.co/DTKigIlJDI",0.0,0.0,1.0,0.0,36
336,Foxnews,Sat Jul 14 14:44:19 +0000 2018,MONDAY: Chris Wallace will conduct an exclusive interview with Russian President Vladimir Putin following the summi‚Ä¶ https://t.co/DEXDGMkKF9,0.128,0.086,0.914,0.0,37
337,Foxnews,Sat Jul 14 14:41:45 +0000 2018,".@SenMikeLee: ""I think Sec. Clinton should be ashamed of those comments and I call upon her to rescind them.""‚Ä¶ https://t.co/EtHOv2Ah3T",-0.4767,0.0,0.853,0.147,38
338,Foxnews,Sat Jul 14 14:41:03 +0000 2018,".@SenMikeLee: ""I... predict we'll end up with every Republican supporting Judge Kavanaugh's confirmation. I also th‚Ä¶ https://t.co/Iy7kVy0ecQ",0.4404,0.162,0.838,0.0,39
339,Foxnews,Sat Jul 14 14:38:23 +0000 2018,".@SenMikeLee on Mueller probe: ""I don't call it a witch hunt. I call it an investigation. But I also call it an inv‚Ä¶ https://t.co/zdiiFjh7xB",0.1419,0.072,0.928,0.0,40
340,Foxnews,Sat Jul 14 14:36:37 +0000 2018,".@SenMikeLee: ""We've known for decades that the Russians try to meddle in U.S. elections. What changed in 2016 is t‚Ä¶ https://t.co/8OL3LC6JU5",0.0,0.0,1.0,0.0,41
341,Foxnews,Sat Jul 14 14:35:26 +0000 2018,".@SenMikeLee on Trump/Putin meeting: ""I don't see any good reason to cancel it."" #Cavuto https://t.co/vvjuF6jYcM",-0.5277,0.0,0.747,0.253,42
342,Foxnews,Sat Jul 14 14:30:36 +0000 2018,Woman wanted for grand theft goes missing after her husband dies with lethal levels of Benadryl in his system https://t.co/PmMMslo3Bd,0.2023,0.129,0.776,0.095,43
343,Foxnews,Sat Jul 14 14:21:00 +0000 2018,".@DanGeltrude: ""The substance is lower taxes, lower regulations - that has been fueling the market for awhile now.""‚Ä¶ https://t.co/asfJvR5U8k",-0.5267,0.0,0.784,0.216,44
344,Foxnews,Sat Jul 14 14:14:48 +0000 2018,.@POTUS in Scotland ahead of meeting with Russian President Putin; @kevincorke reports. #Cavuto https://t.co/T8g8ISYK2m,0.0,0.0,1.0,0.0,45
345,Foxnews,Sat Jul 14 14:08:41 +0000 2018,".@HillaryClinton: ""I believe with all my heart that the test of any society is how we treat the most vulnerable amo‚Ä¶ https://t.co/BtqOWIZgFb",0.1298,0.108,0.803,0.088,46
346,Foxnews,Sat Jul 14 14:03:41 +0000 2018,"Critics slam 'embarrassing' Mayor Sadiq Khan for feuding with Trump while London faces rising crime, knife deaths https://t.co/CKgbGKbJNu",-0.872,0.0,0.562,0.438,47
347,Foxnews,Sat Jul 14 13:56:11 +0000 2018,".@RepTimRyan: ""The country wants us to stop being divided. We need to put forth an agenda that can help people get‚Ä¶ https://t.co/zeMwkQkJUa",0.128,0.108,0.803,0.088,48
348,Foxnews,Sat Jul 14 13:46:44 +0000 2018,"This morning, President @realDonaldTrump expressed his condolences after the deadly flooding in Japan.‚Ä¶ https://t.co/07rbp7U4Tf",0.0,0.0,1.0,0.0,49
349,Foxnews,Sat Jul 14 13:39:11 +0000 2018,"#NancySinatraSr, first wife of Frank Sinatra, dead at 101 https://t.co/Rdit6IJCya",-0.6486,0.0,0.677,0.323,50
350,Foxnews,Sat Jul 14 13:34:50 +0000 2018,"Thailand cave rescue boys thank rescuers, admit they are craving pork, rice and KFC https://t.co/Mp6Tga3m7E",0.765,0.388,0.612,0.0,51
351,Foxnews,Sat Jul 14 12:55:05 +0000 2018,.@AlanDersh: ‚ÄúThe minority party doesn‚Äôt get to make foreign policy.‚Äù https://t.co/qjxJI6Gkqm,0.4019,0.213,0.787,0.0,52
352,Foxnews,Sat Jul 14 12:36:10 +0000 2018,Texas sheriff's deputy with 'heart of gold' to donate kidney to man in need https://t.co/RGvOexQJBO,0.0,0.0,1.0,0.0,53
353,Foxnews,Sat Jul 14 12:16:48 +0000 2018,Police searching for paraglider who flew over Trump's Scotland golf resort and breached no-fly zone https://t.co/tTdvl75Knv,0.0,0.0,1.0,0.0,54
354,Foxnews,Sat Jul 14 12:05:58 +0000 2018,"John McLauhglin: ""The president's America first policy is succeeding."" https://t.co/BuMD0ARJOE",0.0,0.0,1.0,0.0,55
355,Foxnews,Sat Jul 14 12:01:15 +0000 2018,'Fixer Upper' star Chip Gaines shares close-up photo of 3-week-old son Crew: 'My heart is full' https://t.co/GiJ6TGlCQO,0.296,0.121,0.879,0.0,56
356,Foxnews,Sat Jul 14 11:41:46 +0000 2018,.@SenateMajLdr Expects Kavanaugh Vote by October https://t.co/BiQc4KQrcz,0.0,0.0,1.0,0.0,57
357,Foxnews,Sat Jul 14 11:25:57 +0000 2018,".@RepDeSantis: ‚ÄúI think Strzok‚Äôs testimony really left a lot of American frustrated because he was not honest, not‚Ä¶ https://t.co/jLDVpY8ZD8",-0.7271,0.0,0.724,0.276,58
358,Foxnews,Sat Jul 14 11:14:02 +0000 2018,OPINION: I was Supreme Court nominee Kavanaugh's law clerk -- Let me tell you about the man I know https://t.co/xx1IdPQpTh,0.5574,0.175,0.825,0.0,59
359,Foxnews,Sat Jul 14 11:05:29 +0000 2018,'Cal 3' backer urges court to dismiss lawsuit opposing California break-up plan https://t.co/aeLbUxUuXq,-0.2263,0.0,0.863,0.137,60
360,Foxnews,Sat Jul 14 10:48:10 +0000 2018,"Lisa Page 'cooperative,' 'credible,' lawmakers say after 5-hour closed-door session https://t.co/gUwOtnr4gz",0.0,0.0,1.0,0.0,61
361,Foxnews,Sat Jul 14 10:33:48 +0000 2018,Wounded Marine Vet: 'Disgraceful' &amp; 'Disgusting' for Dem Rep to Suggest Strzok Deserves Purple Heart https://t.co/maig19EDys,0.0,0.0,1.0,0.0,62
362,Foxnews,Sat Jul 14 10:28:51 +0000 2018,.@dbongino: ‚ÄúI scoured the entire indictment yesterday‚Ä¶ and there‚Äôs no collusion in there.‚Äù https://t.co/Ics2CGTujl,-0.296,0.0,0.855,0.145,63
363,Foxnews,Sat Jul 14 10:22:48 +0000 2018,President Trump reportedly wants a ‚Äòmore American‚Äô-looking Air Force One https://t.co/xB39fso1uG,0.0,0.0,1.0,0.0,64
364,Foxnews,Sat Jul 14 10:21:45 +0000 2018,"5-year-old boy helps write his own obituary before tragic cancer death: 'See ya later, suckas!' https://t.co/8nCXQt0diL",-0.8748,0.099,0.458,0.443,65
365,Foxnews,Sat Jul 14 10:20:27 +0000 2018,Never-before-seen Winston Churchill WWII photos surface https://t.co/uoBNPapA76,0.0,0.0,1.0,0.0,66
366,Foxnews,Sat Jul 14 10:16:47 +0000 2018,Paragliding Protester Greets @POTUS https://t.co/s03qnZotCH,0.1531,0.286,0.714,0.0,67
367,Foxnews,Sat Jul 14 10:00:00 +0000 2018,Florida beaches closed after shark attacks leave 2 injured: report https://t.co/Qy5NtRU8zB,-0.7003,0.0,0.507,0.493,68
368,Foxnews,Sat Jul 14 09:45:00 +0000 2018,"OPINION: Indictment arguments aside, Trump is right to meet with Putin https://t.co/gI9NigoMBI",-0.4019,0.0,0.803,0.197,69
369,Foxnews,Sat Jul 14 09:30:00 +0000 2018,Barn-find 1962 Jaguar E-type awakens from 35-year cat nap https://t.co/1HiZ0ztgiU,0.0,0.0,1.0,0.0,70
370,Foxnews,Sat Jul 14 09:29:58 +0000 2018,Federal judge commends Trump administration for 'good faith' in family reunifications https://t.co/VQEAZnpkO4,0.6908,0.363,0.637,0.0,71
371,Foxnews,Sat Jul 14 09:27:57 +0000 2018,"Veteran, 95, jumps off diving board to motivate scared boy https://t.co/y0aEG5bEUe",0.0,0.264,0.541,0.196,72
372,Foxnews,Sat Jul 14 09:00:00 +0000 2018,"Driver trapped in burning BMW after engine caught fire, brakes failed. Cause unclear https://t.co/MrYf4rqaJB",-0.8779,0.0,0.474,0.526,73
373,Foxnews,Sat Jul 14 08:45:00 +0000 2018,.@SenJohnMcCain say's Helsinki summit 'should not move forward' unless Trump takes firm stand against Russian meddl‚Ä¶ https://t.co/4FAvEipdjv,0.0,0.0,1.0,0.0,74
374,Foxnews,Sat Jul 14 08:42:06 +0000 2018,"Nancy Sinatra Sr., first wife of Frank Sinatra, dead at 101 https://t.co/Rdit6Is1GC",-0.6486,0.0,0.719,0.281,75
375,Foxnews,Sat Jul 14 08:30:00 +0000 2018,Fox News Poll: #AbolishICE not trending among voters https://t.co/sbCRozC0iH,0.0,0.0,1.0,0.0,76
376,Foxnews,Sat Jul 14 08:15:00 +0000 2018,"Karen Tumulty: ""With these indictments, the Mueller investigation goes actually right to the heart of Vladimir Puti‚Ä¶ https://t.co/fhN9th1jGF",0.0,0.0,1.0,0.0,77
377,Foxnews,Sat Jul 14 07:45:00 +0000 2018,"MLB suspends Papa John's promotion until after All-Star break, pizza company says https://t.co/zTJ1njD2GS",0.0,0.0,1.0,0.0,78
378,Foxnews,Sat Jul 14 07:30:00 +0000 2018,Custom Ford Mustang honoring America's WW II Eagle Squadrons to be auctioned for charity #ProudAmerican  https://t.co/rpEinkJeVm,0.7269,0.303,0.697,0.0,79
379,Foxnews,Sat Jul 14 07:15:00 +0000 2018,Kylie Jenner campaign hopes to get young mogul to billionaire status https://t.co/nYYhGzKOtJ,0.4215,0.203,0.797,0.0,80
380,Foxnews,Sat Jul 14 07:01:00 +0000 2018,New Jersey woman charged with hacking Selena Gomez's email  https://t.co/tJsKW2bqw9,-0.2023,0.0,0.833,0.167,81
381,Foxnews,Sat Jul 14 06:45:00 +0000 2018,"Giant hogweed severely burns Virginia teen, 17, sending him to hospital, report says https://t.co/pQPki6hvwF",-0.4588,0.0,0.812,0.188,82
382,Foxnews,Sat Jul 14 06:30:00 +0000 2018,".@dagenmcdowell: ""Peter Strzok testified that Bob Mueller, special counsel, never asked him about specific texts, n‚Ä¶ https://t.co/WtzoUVARgF",0.4019,0.144,0.856,0.0,83
383,Foxnews,Sat Jul 14 06:15:00 +0000 2018,".@RCamposDuffy: ""This happened under Obama's watch."" #Outnumbered https://t.co/NWKE7CHBOm https://t.co/iAwgIyaV6w",0.0,0.0,1.0,0.0,84
384,Foxnews,Sat Jul 14 06:00:00 +0000 2018,".@karringtonsc: ""I didn't stop talking to God from the moment of impact. Very loudly - I was not quiet.""‚Ä¶ https://t.co/1916z2nsud",0.4567,0.2,0.8,0.0,85
385,Foxnews,Sat Jul 14 05:45:00 +0000 2018,"Sen. @LindseyGrahamSC: ""I have a lot of faith in President Trump. Bush misread Putin. Putin ran over Obama because‚Ä¶ https://t.co/i1wT4gLpLi",0.1779,0.128,0.776,0.096,86
386,Foxnews,Sat Jul 14 05:30:00 +0000 2018,UK police confirm source of Novichok poisoning https://t.co/JCXQj6CzII,-0.5859,0.0,0.648,0.352,87
387,Foxnews,Sat Jul 14 05:15:00 +0000 2018,"Sen. @LindseyGrahamSC: ""Russia did interfere in our election, and if I were the president, I would not ask Putin di‚Ä¶ https://t.co/3rApgOhFez",0.0,0.0,1.0,0.0,88
388,Foxnews,Sat Jul 14 05:00:00 +0000 2018,Texas fishermen pull 8-foot alligator gar from river: 'She's a beast' https://t.co/UpYe8MxNZf,0.0,0.0,1.0,0.0,89
389,Foxnews,Sat Jul 14 04:45:00 +0000 2018,".@FLOTUS helps children to make poppies as she meets British military veterans known as ""Chelsea Pensioners"" at the‚Ä¶ https://t.co/rn4wJPbrMH",0.3818,0.126,0.874,0.0,90
390,Foxnews,Sat Jul 14 04:28:00 +0000 2018,.@SpeakerRyan says woodchucks 'ate' his SUV -- and he's not alone https://t.co/bueGmwg3of,0.1877,0.137,0.863,0.0,91
391,Foxnews,Sat Jul 14 04:15:00 +0000 2018,Chinese spy ship lurking off Hawaiian coast amid huge naval exercise: US officials https://t.co/JHUpiIaNvE,0.2023,0.146,0.759,0.095,92
392,Foxnews,Sat Jul 14 04:00:00 +0000 2018,"What's the GRU, Russia's military intelligence agency? 3 things to know https://t.co/2ocaQqcdl3",0.4767,0.237,0.763,0.0,93
393,Foxnews,Sat Jul 14 03:45:00 +0000 2018,"Leon Aron on Trump, Putin meeting: ""I think what @POTUS wants to show most of all, is that he can succeed where‚Ä¶ https://t.co/rym24Wcq3n",0.4939,0.127,0.873,0.0,94
394,Foxnews,Sat Jul 14 03:30:00 +0000 2018,.@NASA shares creepy image of 'spiders' on Mars https://t.co/0FtnyoZ5A9,0.296,0.216,0.784,0.0,95
395,Foxnews,Sat Jul 14 03:20:00 +0000 2018,Don‚Äôt miss ‚ÄúFox Report with Jon Scott‚Äù Saturdays at 7p ET and Sundays at 6p ET on Fox News Channel! @JonScottFNC https://t.co/azFkrUyVaU,-0.2244,0.0,0.917,0.083,96
396,Foxnews,Sat Jul 14 03:15:00 +0000 2018,".@shelbyholliday on 12 Russian officers indicted in Mueller probe: ""It not only makes the Mueller probe more credib‚Ä¶ https://t.co/qQYi7826r9",0.0,0.0,1.0,0.0,97
397,Foxnews,Sat Jul 14 03:00:00 +0000 2018,.@KimStrassel: Trump could deliver a second tax cut -- without having to deal with Congress. Here's how https://t.co/03An32A8BS,-0.2732,0.0,0.884,0.116,98
398,Foxnews,Sat Jul 14 02:54:00 +0000 2018,Florida man warns about saltwater poisoning after dog dies days after beach trip https://t.co/tUf365EKZK,-0.6369,0.0,0.698,0.302,99
399,Foxnews,Sat Jul 14 02:49:00 +0000 2018,Arizona lawmaker apologizes after bragging about speeding to cop during traffic stop https://t.co/W8TP9o8ioD,0.0772,0.159,0.701,0.14,100
400,nytimes,Sat Jul 14 18:00:04 +0000 2018,"When the 2 leaders sit down in Finland, Trump‚Äôs abiding desire to win over Vladimir Putin will loom as a powerful d‚Ä¶ https://t.co/9xMAYVnWoS",0.8126,0.33,0.603,0.067,1
401,nytimes,Sat Jul 14 17:45:08 +0000 2018,"Leading up to his weekend in Scotland, Trump has managed to repeatedly plug his Turnberry golf resort, alarming eth‚Ä¶ https://t.co/ftr0hvb6cl",-0.128,0.0,0.927,0.073,2
402,nytimes,Sat Jul 14 17:30:07 +0000 2018,"""We‚Äôre trying to tell as many black stories as possible and resist one-dimensional representations"" https://t.co/BWHaZFySHp",0.0,0.0,1.0,0.0,3
403,nytimes,Sat Jul 14 17:15:06 +0000 2018,"We chart America‚Äôs complicated history of infant feeding, starting with the spread of formula https://t.co/Z3W4t123ij",0.0,0.0,1.0,0.0,4
404,nytimes,Sat Jul 14 17:00:04 +0000 2018,"For Isabella and thousands of other migrant parents hoping to be reunited with their children, part of the trauma h‚Ä¶ https://t.co/bfQKyEd241",0.0,0.114,0.772,0.114,5
405,nytimes,Sat Jul 14 16:45:07 +0000 2018,"Many Democrats are outmatched by Republicans when it comes to tech-savvy campaigning. A network of 4,500 tech worke‚Ä¶ https://t.co/IvMOv5Wp08",0.0,0.0,1.0,0.0,6
406,nytimes,Sat Jul 14 16:35:03 +0000 2018,"RT @nytopinion: After World War II, many Germans saw America as the guarantor of the liberal democratic order. It‚Äôs a shock to them that th‚Ä¶",-0.7579,0.0,0.772,0.228,7
407,nytimes,Sat Jul 14 16:24:19 +0000 2018,"Breaking News: Angelique Kerber won her first Wimbledon title by beating Serena Williams, who was seeking a Grand S‚Ä¶ https://t.co/zyBj8neRLy",0.5719,0.261,0.623,0.117,8
408,nytimes,Sat Jul 14 16:20:06 +0000 2018,An ode to old maids everywhere https://t.co/dMWlTP7kmA,0.0,0.0,1.0,0.0,9
409,nytimes,Sat Jul 14 16:05:02 +0000 2018,"Trump's Supreme Court nominee has talked a lot about his mother, the public servant. Just as influential in his lif‚Ä¶ https://t.co/Kd6nSbsFnt",0.7579,0.265,0.735,0.0,10
410,nytimes,Sat Jul 14 15:50:02 +0000 2018,"Nancy Barbato Sinatra, who has died at 101, remained Frank Sinatra's confidante for decades after their divorce in‚Ä¶ https://t.co/4my80b7Iej",-0.5574,0.0,0.833,0.167,11
411,nytimes,Sat Jul 14 15:35:05 +0000 2018,"No sitting on the floor, no hugging your siblings, and it‚Äôs best not to cry: Migrant children describe life in dete‚Ä¶ https://t.co/P44lXjU2dR",0.7314,0.309,0.549,0.142,12
412,nytimes,Sat Jul 14 15:20:03 +0000 2018,After years of being told to put on a suit and recite their r√©sum√© ‚Äî and smile! ‚Äî women running for office are thro‚Ä¶ https://t.co/wDfnVFGypy,0.4199,0.117,0.883,0.0,13
413,nytimes,Sat Jul 14 15:05:06 +0000 2018,France eliminated Belgium. Croatia eliminated England. We eliminated the ‚öΩÔ∏ès from these World Cup semifinals photos‚Ä¶ https://t.co/TxBoEKnA0l,0.0,0.0,1.0,0.0,14
414,nytimes,Sat Jul 14 14:50:04 +0000 2018,"The day Donald Trump publicly asked Russia to find Hillary Clinton‚Äôs emails in 2016, Russia began to target her ser‚Ä¶ https://t.co/aKEnltUVIh",0.0,0.0,1.0,0.0,15
415,nytimes,Sat Jul 14 14:40:08 +0000 2018,"RT @karenyourish: Trump has spent 169 days of his presidency, or about 30% of his time in office, visiting Trump properties. He is spending‚Ä¶",0.0,0.0,1.0,0.0,16
416,nytimes,Sat Jul 14 14:30:09 +0000 2018,"It was over in less than 20 seconds, but even casual followers of the monarchy were aghast  https://t.co/uIQwVwpJeB",-0.3919,0.1,0.726,0.175,17
417,nytimes,Sat Jul 14 14:17:06 +0000 2018,"Found: A 2,000-year-old sarcophagus that was perfectly sealed.
Inside: Unclear. https://t.co/Lm9p1Gy87I",0.4939,0.296,0.563,0.141,18
418,nytimes,Sat Jul 14 14:02:04 +0000 2018,"The new toll of student debt in 3 charts
https://t.co/bjepY6hUYb",-0.3612,0.0,0.762,0.238,19
419,nytimes,Sat Jul 14 13:42:03 +0000 2018,Not sure what to do in NYC this weekend? We‚Äôve got you. https://t.co/bAq3dvD9gl,-0.2411,0.0,0.859,0.141,20
420,nytimes,Sat Jul 14 13:21:05 +0000 2018,"It's the universal World Cup ""oh no"" https://t.co/Acy0y21md6 https://t.co/Y7PfyUNho0",-0.296,0.0,0.784,0.216,21
421,nytimes,Sat Jul 14 13:02:04 +0000 2018,Are you a grammar geek? Test your editing skills in our new quiz. https://t.co/jqqnQQOmiu,-0.2023,0.0,0.87,0.13,22
422,nytimes,Sat Jul 14 12:42:05 +0000 2018,"While the names of FIFA leaders may have changed, the lavish benefits have not https://t.co/OrVIJDKzJD",0.3818,0.157,0.843,0.0,23
423,nytimes,Sat Jul 14 12:21:06 +0000 2018,"Some small studies suggest that spending time in nature, specifically in lush forests, might improve your health https://t.co/wfDmohEEtI",0.4404,0.146,0.854,0.0,24
424,nytimes,Sat Jul 14 12:02:04 +0000 2018,"This weekend, the World Cup final will be underway in Russia. Here's how the tournament ended up there. https://t.co/0DtzfJ51HF",0.0,0.0,1.0,0.0,25
425,nytimes,Sat Jul 14 11:41:02 +0000 2018,RT @katierogers: .@dougmillsnyt is one of the keenest observers of the human condition in journalism (and in the world! Trump says. totally‚Ä¶,0.4926,0.132,0.868,0.0,26
426,nytimes,Sat Jul 14 11:21:01 +0000 2018,The World Cup is about to get 50 percent larger. Hope you took the time to savor this one. https://t.co/S1KXhahyQ6,0.4404,0.132,0.868,0.0,27
427,nytimes,Sat Jul 14 11:02:04 +0000 2018,RT @nytpolitics: Democrats demanded that President Trump cancel his summit with Vladimir Putin after 12 Russian intelligence officers are i‚Ä¶,0.0516,0.129,0.708,0.163,28
428,nytimes,Sat Jul 14 10:52:59 +0000 2018,"John Liu Plots a Comeback Trail, Targeting a Renegade Democrat https://t.co/jVOJMq2k4L",0.0,0.0,1.0,0.0,29
429,nytimes,Sat Jul 14 10:35:48 +0000 2018,"In Trump‚Äôs U.K. Visit, Some See ‚ÄòInfomercial‚Äô for Money-Losing Golf Resort https://t.co/9il1esJ738",0.0,0.0,1.0,0.0,30
430,nytimes,Sat Jul 14 10:31:04 +0000 2018,"Video review made its debut at this World Cup, and it had an immediate impact https://t.co/gW9hVFyi2j",0.0,0.0,1.0,0.0,31
431,nytimes,Sat Jul 14 10:14:48 +0000 2018,First Words: Americans Think ‚ÄòCorruption‚Äô Is Everywhere. Is That Why We Vote for It? https://t.co/xLD6P42SP1,0.0,0.0,1.0,0.0,32
432,nytimes,Sat Jul 14 10:07:16 +0000 2018,"Sarcophagus Found. Contents Unknown. (‚ÄòNo Guessing, Please.‚Äô) https://t.co/nGSstHV6ve",0.0,0.0,1.0,0.0,33
433,nytimes,Sat Jul 14 09:50:19 +0000 2018,"Glorious surprises seemed to lurk everywhere in Oslo, Norway https://t.co/HKAeEiagFg",0.6486,0.409,0.47,0.121,34
434,nytimes,Sat Jul 14 09:32:02 +0000 2018,RT @tackettdc: In Ohio Special election a test for Democrats strength and Republican resolve  https://t.co/p4WXB4IjI8,0.8176,0.436,0.564,0.0,35
435,nytimes,Sat Jul 14 09:10:05 +0000 2018,Phys Ed: Dog Walking Is Good for You. Provided You Do It. https://t.co/zuLXpClv7g,0.4404,0.195,0.805,0.0,36
436,nytimes,Sat Jul 14 09:08:25 +0000 2018,RT @bxchen: Our writer with the best job in the world talks about the tech she uses https://t.co/VY6xJHYbOV,0.6369,0.198,0.802,0.0,37
437,nytimes,Sat Jul 14 08:50:44 +0000 2018,"RT @nytimesarts: The director of the ""Whitney"" documentary explains how he got her family to open up about her childhood abuse. https://t.c‚Ä¶",-0.6369,0.0,0.833,0.167,38
438,nytimes,Sat Jul 14 08:33:04 +0000 2018,"RT @nytimesworld: ‚ÄúHaving a vagina doesn‚Äôt make a woman,‚Äù said Angela Ponce, Spain's transgender competitor in the Miss Universe pageant. ‚Äú‚Ä¶",-0.1531,0.0,0.918,0.082,39
439,nytimes,Sat Jul 14 08:09:19 +0000 2018,"A ""Downton Abbey"" movie is coming https://t.co/81TKuwcdp6",0.0,0.0,1.0,0.0,40
440,nytimes,Sat Jul 14 07:51:52 +0000 2018,"They named it Ingentia prima, meaning ‚Äúthe first giant.‚Äù ‚ÄúThis new dinosaur changes our understanding of how dinosa‚Ä¶ https://t.co/47cDpDv68K",0.0,0.0,1.0,0.0,41
441,nytimes,Sat Jul 14 07:33:06 +0000 2018,"RT @nytpolitics: Russia's largest spy agency has been implicated in the downing of a civilian airliner, armed operations in Syria and now t‚Ä¶",0.0,0.0,1.0,0.0,42
442,nytimes,Sat Jul 14 07:06:06 +0000 2018,A painting worth $1 million has turned up 4 decades after it was stolen from a Manhattan warehouse https://t.co/evf9RPx918,-0.3182,0.099,0.733,0.168,43
443,nytimes,Sat Jul 14 06:48:47 +0000 2018,"‚ÄúI still can‚Äôt believe it worked.‚Äù Inside the Thai soccer team's rescue: floating stretchers, anti-anxiety pills an‚Ä¶ https://t.co/E9RGJxfTSC",0.5106,0.163,0.837,0.0,44
444,nytimes,Sat Jul 14 06:32:01 +0000 2018,"RT @nytimesworld: ""Pakistan is entering another period of prolonged political instability.‚Äù The arrest of former Prime Minister Nawaz Shari‚Ä¶",-0.34,0.0,0.882,0.118,45
445,nytimes,Sat Jul 14 06:02:38 +0000 2018,"The Getty Museum has added a rare illuminated Torah, dating to 1296, to its trove of manuscripts https://t.co/0WC7D9weVF",0.0,0.0,1.0,0.0,46
446,nytimes,Sat Jul 14 05:46:04 +0000 2018,Astronomers traced a neutrino back to a distant galaxy. ‚ÄúWe have found the first source of cosmic rays.‚Äù https://t.co/3PYngOHGLU,0.0,0.0,1.0,0.0,47
447,nytimes,Sat Jul 14 05:32:02 +0000 2018,RT @NYTNational: The volunteers of The √Åguilas del Desierto - Eagles of the Desert - work to find bodies of immigrants who died while makin‚Ä¶,-0.5574,0.0,0.859,0.141,48
448,nytimes,Sat Jul 14 05:06:06 +0000 2018,"Nancy Barbato Sinatra, an Idol‚Äôs First Wife and Lasting Confidante, Dies at 101 https://t.co/Q4xT0ZOktH",0.0,0.0,1.0,0.0,49
449,nytimes,Sat Jul 14 04:55:42 +0000 2018,"""I get discriminated against all the time. No one thinks I‚Äôm a CEO. I sit on a plane and tell somebody, 'Well, I ru‚Ä¶ https://t.co/mjB9vBw1TZ",-0.296,0.0,0.901,0.099,50
450,nytimes,Sat Jul 14 04:39:05 +0000 2018,"‚ÄúShe so ugly I almost threw up. Ew.‚Äù
‚ÄúI was just staring at your bbbooo.....i mean eyes.‚Äù
‚ÄúGo back to the kitchen a‚Ä¶ https://t.co/yRDgH7oKDf",-0.5563,0.0,0.86,0.14,51
451,nytimes,Sat Jul 14 04:22:03 +0000 2018,"RT @NYTMetro: Designs include skulls, flaming hearts with swords piercing them, spiders, roses, jellyfish, an upside-down bat, and a unicor‚Ä¶",0.0,0.0,1.0,0.0,52
452,nytimes,Sat Jul 14 04:11:38 +0000 2018,"Trump Walks in Front of Queen Elizabeth, Causing Social Media Frenzy https://t.co/22TQkfSosk",-0.3182,0.0,0.827,0.173,53
453,nytimes,Sat Jul 14 04:02:05 +0000 2018,No one will win the Nobel Prize in Literature this year. But you ‚Äî along with the librarians of Sweden ‚Äî can help c‚Ä¶ https://t.co/rvMxGcauHt,0.7579,0.282,0.662,0.056,54
454,nytimes,Sat Jul 14 03:47:03 +0000 2018,"Wilbur Ross, the commerce secretary, said he would sell all of his remaining stock holdings after a government watc‚Ä¶ https://t.co/Vnk0WRf50E",0.0,0.0,1.0,0.0,55
455,nytimes,Sat Jul 14 03:39:42 +0000 2018,"A Giant Iceberg Parked Offshore. It‚Äôs Stunning, but Villagers Hit the Road. https://t.co/OU7lo9ldy0",0.2023,0.141,0.859,0.0,56
456,nytimes,Sat Jul 14 03:32:04 +0000 2018,"In 21 trips Tom Price took as health secretary, 20 of them violated federal travel rules, an inspector general said https://t.co/22IkjNMj0U",-0.5267,0.0,0.855,0.145,57
457,nytimes,Sat Jul 14 03:17:02 +0000 2018,RT @nytgraphics: How Russia hacked the D.N.C. and Hillary Clinton‚Äôs presidential campaign in 2016. https://t.co/6oO8BdTmDN,-0.4019,0.0,0.838,0.162,58
458,nytimes,Sat Jul 14 03:02:03 +0000 2018,"Modern Love: What boxing taught me about love
https://t.co/rat4wkU5a2",0.8555,0.545,0.455,0.0,59
459,nytimes,Sat Jul 14 02:47:06 +0000 2018,2 men pleaded guilty to manslaughter charges in the death of a fire chief in an explosion of a Bronx house that had‚Ä¶ https://t.co/0cFXitFTVz,-0.8807,0.0,0.603,0.397,60
460,nytimes,Sat Jul 14 02:32:05 +0000 2018,"Dan Coats, the director of national intelligence, said that the persistent danger of Russian cyberattacks today was‚Ä¶ https://t.co/2LT5knHY2n",-0.0772,0.138,0.711,0.151,61
461,nytimes,Sat Jul 14 02:17:03 +0000 2018,RT @nytopinion: The indictments against 12 Russian agents don't exonerate President Trump. On the contrary -- they should worry anyone work‚Ä¶,-0.6407,0.0,0.784,0.216,62
462,nytimes,Sat Jul 14 02:02:03 +0000 2018,"In the tug of war between workers and investors over how to divvy up the nation's wealth, Americans living on a pay‚Ä¶ https://t.co/T5PibgTyjs",-0.1779,0.118,0.738,0.144,63
463,nytimes,Sat Jul 14 01:48:04 +0000 2018,"A top Uber executive is under scrutiny for his comments on race and women, casting a shadow on the company‚Äôs effort‚Ä¶ https://t.co/5vQLWgA19B",0.2023,0.087,0.913,0.0,64
464,nytimes,Sat Jul 14 01:37:29 +0000 2018,"RT @MikeIsaac: During his first six months on the job, Barney Harford, Uber‚Äôs chief operating officer, has exhibited a pattern of upsetting‚Ä¶",0.0,0.0,1.0,0.0,65
465,nytimes,Sat Jul 14 01:32:02 +0000 2018,"‚ÄúI almost feel like I‚Äôm making up for lost time,‚Äù Kim Gordon says. ‚ÄúI feel like I owe it to myself. Because my whol‚Ä¶ https://t.co/mqeNSBtRWL",0.2831,0.16,0.757,0.083,66
466,nytimes,Sat Jul 14 01:17:06 +0000 2018,RT @katierogers: New QUEEN feature from me (w/ @sewellchan as the unsung editor hero): Queen Elizabeth II has met a dozen presidents. Dance‚Ä¶,0.0,0.0,1.0,0.0,67
467,nytimes,Sat Jul 14 01:02:06 +0000 2018,Evening Briefing: Here's what you need to know at the end of the day https://t.co/gE3aPm7FAX,0.0,0.0,1.0,0.0,68
468,nytimes,Sat Jul 14 00:47:05 +0000 2018,"Linda Daniels relied on an oxygen machine, and died hours after her power was shut off for overdue bills. Her famil‚Ä¶ https://t.co/e9ZDQJliUZ",-0.5574,0.0,0.854,0.146,69
469,nytimes,Sat Jul 14 00:32:04 +0000 2018,A village in Greenland is on alert amid fears that a huge iceberg could break apart and send a flood wave over the‚Ä¶ https://t.co/ZkZKVgxChH,0.1779,0.178,0.711,0.111,70
470,nytimes,Sat Jul 14 00:17:02 +0000 2018,RT @maggieNYT: ‚ÄúThe nation‚Äôs top intelligence officer said on Friday that the persistent danger of Russian cyberattacks today was akin to t‚Ä¶,0.128,0.179,0.696,0.125,71
471,nytimes,Sat Jul 14 00:02:05 +0000 2018,You might get one last opportunity to see Manhattanhenge tonight. Here's what you need to know. https://t.co/QHfEQwO8tl,0.4215,0.149,0.851,0.0,72
472,nytimes,Fri Jul 13 23:47:05 +0000 2018,"The ""plazafication of New York"" ‚Äî closing a street to traffic and turning it into a pedestrian zone ‚Äî was once a pr‚Ä¶ https://t.co/9PVUvCnWk6",0.0,0.0,1.0,0.0,73
473,nytimes,Fri Jul 13 23:32:03 +0000 2018,"A jet black sarcophagus, perfectly sealed despite being 2,000 years old, is a rare find in Egypt, where treasure hu‚Ä¶ https://t.co/N076i3VxO5",0.7506,0.274,0.726,0.0,74
474,nytimes,Fri Jul 13 23:17:05 +0000 2018,RT @ScottCacciola: Conducted an anthropological study at summer league by talking to a bunch of people wearing Kobe jerseys about LeBron. T‚Ä¶,0.0,0.0,1.0,0.0,75
475,nytimes,Fri Jul 13 23:02:05 +0000 2018,New York Gov. Andrew Cuomo appeared to embrace elements of a state Health Department report that favored legalizing‚Ä¶ https://t.co/0mfrTHTs5t,0.6249,0.242,0.758,0.0,76
476,nytimes,Fri Jul 13 22:47:05 +0000 2018,Evening Briefing: Here's what you need to know at the end of the day https://t.co/MDrPmbPkvD,0.0,0.0,1.0,0.0,77
477,nytimes,Fri Jul 13 22:32:04 +0000 2018,"Maggie Smith, Michelle Dockery, Hugh Bonneville and other cast members will return to Highclere castle for a ""Downt‚Ä¶ https://t.co/VoF5OaHxdQ",0.0,0.0,1.0,0.0,78
478,nytimes,Fri Jul 13 22:17:03 +0000 2018,"RT @NYTScience: Manhattanhenge put on a nice show last night. You'll get another chance to watch it on Friday night, and the weather foreca‚Ä¶",0.5859,0.186,0.814,0.0,79
479,nytimes,Fri Jul 13 22:02:01 +0000 2018,"""I know I could run a company. And I could do it really well,"" says Tiler Peck of New York City Ballet. A new docum‚Ä¶ https://t.co/dpzk7W07L4",0.0,0.0,1.0,0.0,80
480,nytimes,Fri Jul 13 21:47:02 +0000 2018,"RT @nytmike: The same day Trump encouraged Russia in the middle of the 2016 campaign to hack Clinton's emails, Russian hackers launched the‚Ä¶",0.4588,0.16,0.84,0.0,81
481,nytimes,Fri Jul 13 21:32:05 +0000 2018,Forget video assistant referees. A translation app was the World Cup's biggest technological advance. https://t.co/UL2kuAqbd5,-0.2263,0.0,0.872,0.128,82
482,nytimes,Fri Jul 13 21:11:07 +0000 2018,RT @nytimesarts: Scarlett Johansson has dropped out of the movie ‚ÄúRub &amp; Tug‚Äù after outcry for taking on the role of a transgender man https‚Ä¶,-0.5106,0.0,0.875,0.125,83
483,nytimes,Fri Jul 13 20:55:05 +0000 2018,‚ÄúHannah Gadsby: Nanette‚Äù has become a word-of-mouth phenomenon. Here's what to read about it. https://t.co/QDm7UvBft2,0.0,0.0,1.0,0.0,84
484,nytimes,Fri Jul 13 20:44:02 +0000 2018,RT @NYTMetro: New York's low rate of organ donor registration is causing a transplant nightmare. https://t.co/EjsyBow8wJ,-0.2732,0.0,0.87,0.13,85
485,nytimes,Fri Jul 13 20:33:07 +0000 2018,"It took plastic cocoons and anti-anxiety pills, bravery and providence, to save the soccer team. ‚ÄúSo many things co‚Ä¶ https://t.co/tPEqGwIXgV",0.7506,0.262,0.738,0.0,86
486,nytimes,Fri Jul 13 20:20:06 +0000 2018,"The marijuana industry is growing and the stock prices of companies that grow, process and sell it have been rising https://t.co/ofyY7GTMpR",0.1779,0.078,0.922,0.0,87
487,nytimes,Fri Jul 13 20:10:05 +0000 2018,"RT @nytgraphics: The Mueller investigation so far:
- More than 100 charges
- 32 people and 3 companies charged 
- 5 guilty pleas
- 25 Russi‚Ä¶",-0.7152,0.0,0.709,0.291,88
488,nytimes,Fri Jul 13 19:52:04 +0000 2018,The idea that a minor loss can be more motivating than a major win have big implications for how the working class‚Ä¶ https://t.co/FTB3y3rvju,0.7178,0.264,0.652,0.083,89
489,nytimes,Fri Jul 13 19:42:06 +0000 2018,It isn't all bad out there. 7 good-news stories that we wrote about this week: https://t.co/ei62GQnv0W,0.431,0.169,0.831,0.0,90
490,nytimes,Fri Jul 13 19:32:04 +0000 2018,"Modern Love: After being assaulted in a park, a young woman sought refuge in marriage. When that didn‚Äôt work, she s‚Ä¶ https://t.co/8bEDadT4sN",0.2023,0.164,0.703,0.133,91
491,nytimes,Fri Jul 13 19:22:04 +0000 2018,European allies have begun to believe that underneath President Trump's bluster there is a strategy: to undercut Eu‚Ä¶ https://t.co/bWlhXjXASV,0.0,0.0,1.0,0.0,92
492,nytimes,Fri Jul 13 19:12:01 +0000 2018,Fact Check: 10 falsehoods from President Trump's news conference with Theresa May https://t.co/rv9qFtSBq0,0.0,0.0,1.0,0.0,93
493,nytimes,Fri Jul 13 19:10:14 +0000 2018,RT @NYTSports: Spot the Ball just crushed our Sports Editor's soul. He sits next to the guy who makes it yet scored 12.3%. No one is safe.‚Ä¶,-0.6124,0.0,0.833,0.167,94
494,nytimes,Fri Jul 13 19:02:04 +0000 2018,üëÄ https://t.co/myKh7yleWb,0.0,0.0,1.0,0.0,95
495,nytimes,Fri Jul 13 18:52:04 +0000 2018,McDonald‚Äôs salads have been linked to an intestinal parasite outbreak in the Midwest that has sickened over 100 peo‚Ä¶ https://t.co/MDiBnhLnuD,-0.5423,0.0,0.844,0.156,96
496,nytimes,Fri Jul 13 18:42:05 +0000 2018,"LeBron James, the longtime nemesis of Kobe Bryant stans, is now the face of the franchise. And they are not impress‚Ä¶ https://t.co/mhtpPetan2",0.0,0.0,1.0,0.0,97
497,nytimes,Fri Jul 13 18:22:06 +0000 2018,The British police have found a possible break in the 4-month-old investigation into an attack on a former Russian‚Ä¶ https://t.co/0ZbvYxwzxr,-0.4767,0.0,0.846,0.154,98
498,nytimes,Fri Jul 13 18:12:02 +0000 2018,"A special election in Ohio will test the power of the rural vote against the kind of affluent, rapidly growing subu‚Ä¶ https://t.co/7AMqkbVqSO",0.5267,0.188,0.812,0.0,99
499,nytimes,Fri Jul 13 18:02:02 +0000 2018,"Fact Check: President Trump's criticisms of London's mayor, Sadiq Khan https://t.co/jT1lc9cgMl",-0.2263,0.0,0.84,0.16,100
